,set,ba,c,theta,skew,gamma,loss,stfr,resit,gcm,crt,cpt,rbpt,rbpt2
0,type1_1,0,0.0,0.0,10,0.0,mse,0.08,0.08,0.16,0.08,0.08,0.08,0.0
1,type1_1,0,0.0,0.0,10,0.006666666666666667,mse,0.25,0.66,0.59,0.09,0.08,0.08,0.0
2,type1_1,0,0.0,0.0,10,0.013333333333333334,mse,0.67,1.0,0.99,0.09,0.08,0.08,0.0
3,type1_1,0,0.0,0.0,10,0.02,mse,0.91,1.0,0.99,0.09,0.08,0.08,0.0
4,type1_1,0,0.0,0.0,10,0.02666666666666667,mse,0.99,1.0,0.99,0.08,0.08,0.08,0.0
5,type1_1,0,0.0,0.0,10,0.03333333333333333,mse,0.99,1.0,0.99,0.08,0.08,0.08,0.0
6,type1_1,0,0.0,0.0,10,0.04,mse,0.99,1.0,0.99,0.08,0.08,0.08,0.0
7,type1_2,0,0.0,0.0,10,0.0,mse,,,,0.09,0.16,0.08,0.0
8,type1_2,0,0.0,1.0,10,0.0,mse,,,,0.41,0.16,0.16,0.0
9,type1_2,0,0.0,2.0,10,0.0,mse,,,,0.57,0.16,0.32,0.0
10,type1_2,0,0.0,3.0,10,0.0,mse,,,,0.58,0.16,0.24,0.0
11,type1_2,0,0.0,4.0,10,0.0,mse,,,,0.58,0.16,0.24,0.0
12,type1_2,0,0.0,5.0,10,0.0,mse,,,,0.58,0.16,0.24,0.0
13,type1_2,0,0.0,6.0,10,0.0,mse,,,,0.58,0.16,0.24,0.0
14,power,0,0.0,0.0,10,0.0,mse,,,,,0.08,0.08,0.0
15,power,0,0.08333333333333333,0.0,10,0.0,mse,,,,,0.49,0.33,0.17
16,power,0,0.16666666666666666,0.0,10,0.0,mse,,,,,0.81,0.57,0.74
17,power,0,0.25,0.0,10,0.0,mse,,,,,0.98,0.81,0.99
18,power,0,0.3333333333333333,0.0,10,0.0,mse,,,,,1.0,0.9,1.0
19,power,0,0.41666666666666663,0.0,10,0.0,mse,,,,,1.0,0.92,1.0
20,power,0,0.5,0.0,10,0.0,mse,,,,,1.0,1.0,1.0
21,type1_1,0,0.0,0.0,10,0.0,mae,0.08,0.08,0.16,0.08,0.08,0.08,0.0
22,type1_1,0,0.0,0.0,10,0.006666666666666667,mae,0.24,0.66,0.59,0.09,0.08,0.09,0.0
23,type1_1,0,0.0,0.0,10,0.013333333333333334,mae,0.67,1.0,0.99,0.09,0.08,0.09,0.0
24,type1_1,0,0.0,0.0,10,0.02,mae,1.0,1.0,0.99,0.09,0.08,0.09,0.0
25,type1_1,0,0.0,0.0,10,0.02666666666666667,mae,1.0,1.0,0.99,0.08,0.08,0.09,0.0
26,type1_1,0,0.0,0.0,10,0.03333333333333333,mae,1.0,1.0,0.99,0.08,0.08,0.08,0.0
27,type1_1,0,0.0,0.0,10,0.04,mae,1.0,1.0,0.99,0.08,0.08,0.08,0.0
28,type1_2,0,0.0,0.0,10,0.0,mae,,,,0.09,0.16,0.01,0.0
29,type1_2,0,0.0,1.0,10,0.0,mae,,,,0.41,0.16,0.33,0.0
30,type1_2,0,0.0,2.0,10,0.0,mae,,,,0.57,0.16,0.4,0.0
31,type1_2,0,0.0,3.0,10,0.0,mae,,,,0.58,0.16,0.48,0.0
32,type1_2,0,0.0,4.0,10,0.0,mae,,,,0.58,0.16,0.48,0.0
33,type1_2,0,0.0,5.0,10,0.0,mae,,,,0.58,0.16,0.48,0.0
34,type1_2,0,0.0,6.0,10,0.0,mae,,,,0.58,0.16,0.48,0.0
35,power,0,0.0,0.0,10,0.0,mae,,,,,0.08,0.0,0.0
36,power,0,0.08333333333333333,0.0,10,0.0,mae,,,,,0.49,0.17,0.17
37,power,0,0.16666666666666666,0.0,10,0.0,mae,,,,,0.81,0.41,0.57
38,power,0,0.25,0.0,10,0.0,mae,,,,,0.98,0.57,0.91
39,power,0,0.3333333333333333,0.0,10,0.0,mae,,,,,1.0,0.81,0.99
40,power,0,0.41666666666666663,0.0,10,0.0,mae,,,,,1.0,0.9,1.0
41,power,0,0.5,0.0,10,0.0,mae,,,,,1.0,1.0,1.0
42,type1_1,1,0.0,0.0,10,0.0,mse,0.16,0.01,0.16,0.01,0.02,0.0,0.0
43,type1_1,1,0.0,0.0,10,0.006666666666666667,mse,0.01,0.51,0.42,0.09,0.17,0.08,0.0
44,type1_1,1,0.0,0.0,10,0.013333333333333334,mse,0.58,0.92,0.76,0.09,0.17,0.08,0.0
45,type1_1,1,0.0,0.0,10,0.02,mse,0.76,1.0,0.92,0.09,0.17,0.08,0.0
46,type1_1,1,0.0,0.0,10,0.02666666666666667,mse,1.0,1.0,0.92,0.09,0.17,0.08,0.0
47,type1_1,1,0.0,0.0,10,0.03333333333333333,mse,1.0,1.0,0.92,0.08,0.17,0.08,0.0
48,type1_1,1,0.0,0.0,10,0.04,mse,1.0,1.0,0.92,0.08,0.09,0.08,0.0
49,type1_2,1,0.0,0.0,10,0.0,mse,,,,0.0,0.0,0.0,0.08
50,type1_2,1,0.0,1.0,10,0.0,mse,,,,0.09,0.0,0.08,0.08
51,type1_2,1,0.0,2.0,10,0.0,mse,,,,0.25,0.0,0.08,0.08
52,type1_2,1,0.0,3.0,10,0.0,mse,,,,0.25,0.0,0.08,0.08
53,type1_2,1,0.0,4.0,10,0.0,mse,,,,0.25,0.0,0.08,0.08
54,type1_2,1,0.0,5.0,10,0.0,mse,,,,0.25,0.0,0.08,0.08
55,type1_2,1,0.0,6.0,10,0.0,mse,,,,0.25,0.0,0.08,0.08
56,power,1,0.0,0.0,10,0.0,mse,,,,,0.0,0.0,0.0
57,power,1,0.08333333333333333,0.0,10,0.0,mse,,,,,0.25,0.33,0.16
58,power,1,0.16666666666666666,0.0,10,0.0,mse,,,,,0.73,0.57,0.74
59,power,1,0.25,0.0,10,0.0,mse,,,,,0.9,0.81,1.0
60,power,1,0.3333333333333333,0.0,10,0.0,mse,,,,,1.0,0.9,1.0
61,power,1,0.41666666666666663,0.0,10,0.0,mse,,,,,1.0,0.92,1.0
62,power,1,0.5,0.0,10,0.0,mse,,,,,1.0,1.0,1.0
63,type1_1,1,0.0,0.0,10,0.0,mae,0.08,0.01,0.16,0.01,0.02,0.01,0.0
64,type1_1,1,0.0,0.0,10,0.006666666666666667,mae,0.08,0.51,0.42,0.09,0.17,0.09,0.0
65,type1_1,1,0.0,0.0,10,0.013333333333333334,mae,0.51,0.92,0.76,0.09,0.17,0.09,0.0
66,type1_1,1,0.0,0.0,10,0.02,mae,0.91,1.0,0.92,0.09,0.17,0.09,0.0
67,type1_1,1,0.0,0.0,10,0.02666666666666667,mae,1.0,1.0,0.92,0.09,0.17,0.09,0.0
68,type1_1,1,0.0,0.0,10,0.03333333333333333,mae,1.0,1.0,0.92,0.08,0.17,0.09,0.0
69,type1_1,1,0.0,0.0,10,0.04,mae,1.0,1.0,0.92,0.08,0.09,0.08,0.0
70,type1_2,1,0.0,0.0,10,0.0,mae,,,,0.0,0.0,0.01,0.24
71,type1_2,1,0.0,1.0,10,0.0,mae,,,,0.09,0.0,0.09,0.24
72,type1_2,1,0.0,2.0,10,0.0,mae,,,,0.25,0.0,0.08,0.24
73,type1_2,1,0.0,3.0,10,0.0,mae,,,,0.25,0.0,0.16,0.24
74,type1_2,1,0.0,4.0,10,0.0,mae,,,,0.25,0.0,0.16,0.24
75,type1_2,1,0.0,5.0,10,0.0,mae,,,,0.25,0.0,0.16,0.24
76,type1_2,1,0.0,6.0,10,0.0,mae,,,,0.25,0.0,0.16,0.24
77,power,1,0.0,0.0,10,0.0,mae,,,,,0.0,0.0,0.0
78,power,1,0.08333333333333333,0.0,10,0.0,mae,,,,,0.25,0.25,0.17
79,power,1,0.16666666666666666,0.0,10,0.0,mae,,,,,0.73,0.41,0.65
80,power,1,0.25,0.0,10,0.0,mae,,,,,0.9,0.57,0.99
81,power,1,0.3333333333333333,0.0,10,0.0,mae,,,,,1.0,0.81,1.0
82,power,1,0.41666666666666663,0.0,10,0.0,mae,,,,,1.0,0.9,1.0
83,power,1,0.5,0.0,10,0.0,mae,,,,,1.0,1.0,1.0
84,type1_1,2,0.0,0.0,10,0.0,mse,0.0,0.01,0.0,0.08,0.08,0.08,0.0
85,type1_1,2,0.0,0.0,10,0.006666666666666667,mse,0.16,0.33,0.17,0.09,0.08,0.08,0.0
86,type1_1,2,0.0,0.0,10,0.013333333333333334,mse,0.26,1.0,0.84,0.09,0.08,0.08,0.0
87,type1_1,2,0.0,0.0,10,0.02,mse,0.84,1.0,1.0,0.09,0.08,0.08,0.0
88,type1_1,2,0.0,0.0,10,0.02666666666666667,mse,1.0,1.0,1.0,0.08,0.08,0.08,0.0
89,type1_1,2,0.0,0.0,10,0.03333333333333333,mse,1.0,1.0,1.0,0.08,0.08,0.08,0.0
90,type1_1,2,0.0,0.0,10,0.04,mse,1.0,1.0,1.0,0.08,0.08,0.08,0.0
91,type1_2,2,0.0,0.0,10,0.0,mse,,,,0.08,0.01,0.08,0.01
92,type1_2,2,0.0,1.0,10,0.0,mse,,,,0.18,0.01,0.16,0.01
93,type1_2,2,0.0,2.0,10,0.0,mse,,,,0.34,0.01,0.16,0.01
94,type1_2,2,0.0,3.0,10,0.0,mse,,,,0.35,0.01,0.08,0.01
95,type1_2,2,0.0,4.0,10,0.0,mse,,,,0.36,0.01,0.08,0.01
96,type1_2,2,0.0,5.0,10,0.0,mse,,,,0.36,0.01,0.08,0.01
97,type1_2,2,0.0,6.0,10,0.0,mse,,,,0.36,0.01,0.08,0.01
98,power,2,0.0,0.0,10,0.0,mse,,,,,0.08,0.0,0.0
99,power,2,0.08333333333333333,0.0,10,0.0,mse,,,,,0.33,0.33,0.24
100,power,2,0.16666666666666666,0.0,10,0.0,mse,,,,,0.66,0.49,0.74
101,power,2,0.25,0.0,10,0.0,mse,,,,,0.99,0.81,1.0
102,power,2,0.3333333333333333,0.0,10,0.0,mse,,,,,1.0,0.9,1.0
103,power,2,0.41666666666666663,0.0,10,0.0,mse,,,,,1.0,0.92,1.0
104,power,2,0.5,0.0,10,0.0,mse,,,,,1.0,1.0,1.0
105,type1_1,2,0.0,0.0,10,0.0,mae,0.0,0.01,0.0,0.08,0.08,0.08,0.08
106,type1_1,2,0.0,0.0,10,0.006666666666666667,mae,0.16,0.33,0.17,0.09,0.08,0.09,0.0
107,type1_1,2,0.0,0.0,10,0.013333333333333334,mae,0.24,1.0,0.84,0.09,0.08,0.09,0.0
108,type1_1,2,0.0,0.0,10,0.02,mae,0.44,1.0,1.0,0.09,0.08,0.08,0.0
109,type1_1,2,0.0,0.0,10,0.02666666666666667,mae,0.92,1.0,1.0,0.08,0.08,0.08,0.0
110,type1_1,2,0.0,0.0,10,0.03333333333333333,mae,1.0,1.0,1.0,0.08,0.08,0.08,0.0
111,type1_1,2,0.0,0.0,10,0.04,mae,1.0,1.0,1.0,0.08,0.08,0.08,0.0
112,type1_2,2,0.0,0.0,10,0.0,mae,,,,0.08,0.01,0.09,0.0
113,type1_2,2,0.0,1.0,10,0.0,mae,,,,0.18,0.01,0.17,0.0
114,type1_2,2,0.0,2.0,10,0.0,mae,,,,0.34,0.01,0.17,0.0
115,type1_2,2,0.0,3.0,10,0.0,mae,,,,0.35,0.01,0.17,0.0
116,type1_2,2,0.0,4.0,10,0.0,mae,,,,0.36,0.01,0.17,0.0
117,type1_2,2,0.0,5.0,10,0.0,mae,,,,0.36,0.01,0.17,0.0
118,type1_2,2,0.0,6.0,10,0.0,mae,,,,0.36,0.01,0.17,0.0
119,power,2,0.0,0.0,10,0.0,mae,,,,,0.08,0.0,0.0
120,power,2,0.08333333333333333,0.0,10,0.0,mae,,,,,0.33,0.17,0.17
121,power,2,0.16666666666666666,0.0,10,0.0,mae,,,,,0.66,0.41,0.65
122,power,2,0.25,0.0,10,0.0,mae,,,,,0.99,0.65,0.99
123,power,2,0.3333333333333333,0.0,10,0.0,mae,,,,,1.0,0.82,1.0
124,power,2,0.41666666666666663,0.0,10,0.0,mae,,,,,1.0,0.9,1.0
125,power,2,0.5,0.0,10,0.0,mae,,,,,1.0,1.0,1.0
126,type1_1,3,0.0,0.0,10,0.0,mse,0.01,0.08,0.08,0.16,0.16,0.08,0.0
127,type1_1,3,0.0,0.0,10,0.006666666666666667,mse,0.67,0.91,0.83,0.08,0.08,0.09,0.0
128,type1_1,3,0.0,0.0,10,0.013333333333333334,mse,0.91,1.0,1.0,0.08,0.08,0.08,0.08
129,type1_1,3,0.0,0.0,10,0.02,mse,0.92,1.0,1.0,0.09,0.08,0.08,0.08
130,type1_1,3,0.0,0.0,10,0.02666666666666667,mse,1.0,1.0,1.0,0.08,0.08,0.08,0.08
131,type1_1,3,0.0,0.0,10,0.03333333333333333,mse,1.0,1.0,1.0,0.08,0.08,0.08,0.08
132,type1_1,3,0.0,0.0,10,0.04,mse,1.0,1.0,1.0,0.08,0.08,0.08,0.08
133,type1_2,3,0.0,0.0,10,0.0,mse,,,,0.16,0.0,0.08,0.08
134,type1_2,3,0.0,1.0,10,0.0,mse,,,,0.41,0.0,0.16,0.08
135,type1_2,3,0.0,2.0,10,0.0,mse,,,,0.73,0.0,0.24,0.08
136,type1_2,3,0.0,3.0,10,0.0,mse,,,,0.73,0.0,0.24,0.08
137,type1_2,3,0.0,4.0,10,0.0,mse,,,,0.73,0.0,0.24,0.08
138,type1_2,3,0.0,5.0,10,0.0,mse,,,,0.73,0.0,0.24,0.08
139,type1_2,3,0.0,6.0,10,0.0,mse,,,,0.73,0.0,0.24,0.08
140,power,3,0.0,0.0,10,0.0,mse,,,,,0.1,0.09,0.0
141,power,3,0.08333333333333333,0.0,10,0.0,mse,,,,,0.33,0.33,0.24
142,power,3,0.16666666666666666,0.0,10,0.0,mse,,,,,0.81,0.49,0.74
143,power,3,0.25,0.0,10,0.0,mse,,,,,0.9,0.81,0.99
144,power,3,0.3333333333333333,0.0,10,0.0,mse,,,,,0.99,0.9,1.0
145,power,3,0.41666666666666663,0.0,10,0.0,mse,,,,,1.0,0.92,1.0
146,power,3,0.5,0.0,10,0.0,mse,,,,,1.0,1.0,1.0
147,type1_1,3,0.0,0.0,10,0.0,mae,0.0,0.08,0.08,0.16,0.16,0.16,0.0
148,type1_1,3,0.0,0.0,10,0.006666666666666667,mae,0.41,0.91,0.83,0.08,0.08,0.09,0.08
149,type1_1,3,0.0,0.0,10,0.013333333333333334,mae,0.92,1.0,1.0,0.08,0.08,0.09,0.08
150,type1_1,3,0.0,0.0,10,0.02,mae,0.92,1.0,1.0,0.09,0.08,0.09,0.08
151,type1_1,3,0.0,0.0,10,0.02666666666666667,mae,1.0,1.0,1.0,0.08,0.08,0.09,0.08
152,type1_1,3,0.0,0.0,10,0.03333333333333333,mae,1.0,1.0,1.0,0.08,0.08,0.09,0.08
153,type1_1,3,0.0,0.0,10,0.04,mae,1.0,1.0,1.0,0.08,0.08,0.08,0.08
154,type1_2,3,0.0,0.0,10,0.0,mae,,,,0.16,0.0,0.08,0.08
155,type1_2,3,0.0,1.0,10,0.0,mae,,,,0.41,0.0,0.4,0.08
156,type1_2,3,0.0,2.0,10,0.0,mae,,,,0.73,0.0,0.41,0.08
157,type1_2,3,0.0,3.0,10,0.0,mae,,,,0.73,0.0,0.57,0.08
158,type1_2,3,0.0,4.0,10,0.0,mae,,,,0.73,0.0,0.65,0.08
159,type1_2,3,0.0,5.0,10,0.0,mae,,,,0.73,0.0,0.65,0.08
160,type1_2,3,0.0,6.0,10,0.0,mae,,,,0.73,0.0,0.65,0.08
161,power,3,0.0,0.0,10,0.0,mae,,,,,0.1,0.09,0.0
162,power,3,0.08333333333333333,0.0,10,0.0,mae,,,,,0.33,0.09,0.09
163,power,3,0.16666666666666666,0.0,10,0.0,mae,,,,,0.81,0.41,0.57
164,power,3,0.25,0.0,10,0.0,mae,,,,,0.9,0.65,0.91
165,power,3,0.3333333333333333,0.0,10,0.0,mae,,,,,0.99,0.81,1.0
166,power,3,0.41666666666666663,0.0,10,0.0,mae,,,,,1.0,0.9,1.0
167,power,3,0.5,0.0,10,0.0,mae,,,,,1.0,1.0,1.0
168,type1_1,4,0.0,0.0,10,0.0,mse,0.01,0.0,0.0,0.16,0.08,0.16,0.0
169,type1_1,4,0.0,0.0,10,0.006666666666666667,mse,0.51,0.82,0.75,0.09,0.09,0.08,0.0
170,type1_1,4,0.0,0.0,10,0.013333333333333334,mse,0.91,1.0,1.0,0.09,0.08,0.08,0.0
171,type1_1,4,0.0,0.0,10,0.02,mse,1.0,1.0,1.0,0.09,0.08,0.08,0.0
172,type1_1,4,0.0,0.0,10,0.02666666666666667,mse,1.0,1.0,1.0,0.09,0.08,0.08,0.0
173,type1_1,4,0.0,0.0,10,0.03333333333333333,mse,1.0,1.0,1.0,0.08,0.08,0.08,0.0
174,type1_1,4,0.0,0.0,10,0.04,mse,1.0,1.0,1.0,0.08,0.08,0.08,0.0
175,type1_2,4,0.0,0.0,10,0.0,mse,,,,0.01,0.08,0.08,0.16
176,type1_2,4,0.0,1.0,10,0.0,mse,,,,0.41,0.08,0.08,0.16
177,type1_2,4,0.0,2.0,10,0.0,mse,,,,0.57,0.08,0.16,0.16
178,type1_2,4,0.0,3.0,10,0.0,mse,,,,0.57,0.08,0.16,0.16
179,type1_2,4,0.0,4.0,10,0.0,mse,,,,0.57,0.08,0.16,0.16
180,type1_2,4,0.0,5.0,10,0.0,mse,,,,0.57,0.08,0.16,0.16
181,type1_2,4,0.0,6.0,10,0.0,mse,,,,0.57,0.08,0.16,0.16
182,power,4,0.0,0.0,10,0.0,mse,,,,,0.01,0.17,0.0
183,power,4,0.08333333333333333,0.0,10,0.0,mse,,,,,0.25,0.33,0.16
184,power,4,0.16666666666666666,0.0,10,0.0,mse,,,,,0.81,0.49,0.74
185,power,4,0.25,0.0,10,0.0,mse,,,,,0.98,0.73,0.99
186,power,4,0.3333333333333333,0.0,10,0.0,mse,,,,,0.99,0.9,1.0
187,power,4,0.41666666666666663,0.0,10,0.0,mse,,,,,1.0,0.92,1.0
188,power,4,0.5,0.0,10,0.0,mse,,,,,1.0,1.0,1.0
189,type1_1,4,0.0,0.0,10,0.0,mae,0.08,0.0,0.0,0.16,0.08,0.16,0.0
190,type1_1,4,0.0,0.0,10,0.006666666666666667,mae,0.57,0.82,0.75,0.09,0.09,0.09,0.0
191,type1_1,4,0.0,0.0,10,0.013333333333333334,mae,0.99,1.0,1.0,0.09,0.08,0.09,0.0
192,type1_1,4,0.0,0.0,10,0.02,mae,1.0,1.0,1.0,0.09,0.08,0.08,0.0
193,type1_1,4,0.0,0.0,10,0.02666666666666667,mae,1.0,1.0,1.0,0.09,0.08,0.08,0.0
194,type1_1,4,0.0,0.0,10,0.03333333333333333,mae,1.0,1.0,1.0,0.08,0.08,0.08,0.0
195,type1_1,4,0.0,0.0,10,0.04,mae,1.0,1.0,1.0,0.08,0.08,0.08,0.0
196,type1_2,4,0.0,0.0,10,0.0,mae,,,,0.01,0.08,0.01,0.16
197,type1_2,4,0.0,1.0,10,0.0,mae,,,,0.41,0.08,0.4,0.16
198,type1_2,4,0.0,2.0,10,0.0,mae,,,,0.57,0.08,0.4,0.16
199,type1_2,4,0.0,3.0,10,0.0,mae,,,,0.57,0.08,0.4,0.16
200,type1_2,4,0.0,4.0,10,0.0,mae,,,,0.57,0.08,0.4,0.16
201,type1_2,4,0.0,5.0,10,0.0,mae,,,,0.57,0.08,0.4,0.16
202,type1_2,4,0.0,6.0,10,0.0,mae,,,,0.57,0.08,0.4,0.16
203,power,4,0.0,0.0,10,0.0,mae,,,,,0.01,0.1,0.0
204,power,4,0.08333333333333333,0.0,10,0.0,mae,,,,,0.25,0.17,0.17
205,power,4,0.16666666666666666,0.0,10,0.0,mae,,,,,0.81,0.41,0.65
206,power,4,0.25,0.0,10,0.0,mae,,,,,0.98,0.57,0.91
207,power,4,0.3333333333333333,0.0,10,0.0,mae,,,,,0.99,0.81,1.0
208,power,4,0.41666666666666663,0.0,10,0.0,mae,,,,,1.0,0.9,1.0
209,power,4,0.5,0.0,10,0.0,mae,,,,,1.0,1.0,1.0
210,type1_1,5,0.0,0.0,10,0.0,mse,0.16,0.0,0.08,0.08,0.0,0.08,0.0
211,type1_1,5,0.0,0.0,10,0.006666666666666667,mse,0.51,0.76,0.84,0.09,0.17,0.08,0.0
212,type1_1,5,0.0,0.0,10,0.013333333333333334,mse,0.92,1.0,1.0,0.09,0.17,0.08,0.0
213,type1_1,5,0.0,0.0,10,0.02,mse,1.0,1.0,1.0,0.09,0.17,0.08,0.0
214,type1_1,5,0.0,0.0,10,0.02666666666666667,mse,1.0,1.0,1.0,0.09,0.17,0.08,0.0
215,type1_1,5,0.0,0.0,10,0.03333333333333333,mse,1.0,1.0,1.0,0.09,0.17,0.08,0.0
216,type1_1,5,0.0,0.0,10,0.04,mse,1.0,1.0,1.0,0.09,0.17,0.08,0.0
217,type1_2,5,0.0,0.0,10,0.0,mse,,,,0.0,0.01,0.08,0.0
218,type1_2,5,0.0,1.0,10,0.0,mse,,,,0.17,0.01,0.0,0.0
219,type1_2,5,0.0,2.0,10,0.0,mse,,,,0.33,0.01,0.16,0.0
220,type1_2,5,0.0,3.0,10,0.0,mse,,,,0.33,0.01,0.16,0.0
221,type1_2,5,0.0,4.0,10,0.0,mse,,,,0.33,0.01,0.16,0.0
222,type1_2,5,0.0,5.0,10,0.0,mse,,,,0.33,0.01,0.16,0.0
223,type1_2,5,0.0,6.0,10,0.0,mse,,,,0.33,0.01,0.16,0.0
224,power,5,0.0,0.0,10,0.0,mse,,,,,0.0,0.09,0.0
225,power,5,0.08333333333333333,0.0,10,0.0,mse,,,,,0.33,0.33,0.16
226,power,5,0.16666666666666666,0.0,10,0.0,mse,,,,,0.57,0.57,0.74
227,power,5,0.25,0.0,10,0.0,mse,,,,,0.84,0.81,0.99
228,power,5,0.3333333333333333,0.0,10,0.0,mse,,,,,1.0,0.9,1.0
229,power,5,0.41666666666666663,0.0,10,0.0,mse,,,,,1.0,1.0,1.0
230,power,5,0.5,0.0,10,0.0,mse,,,,,1.0,1.0,1.0
231,type1_1,5,0.0,0.0,10,0.0,mae,0.0,0.0,0.08,0.08,0.0,0.08,0.08
232,type1_1,5,0.0,0.0,10,0.006666666666666667,mae,0.43,0.76,0.84,0.09,0.17,0.09,0.0
233,type1_1,5,0.0,0.0,10,0.013333333333333334,mae,0.84,1.0,1.0,0.09,0.17,0.09,0.0
234,type1_1,5,0.0,0.0,10,0.02,mae,1.0,1.0,1.0,0.09,0.17,0.09,0.0
235,type1_1,5,0.0,0.0,10,0.02666666666666667,mae,1.0,1.0,1.0,0.09,0.17,0.09,0.0
236,type1_1,5,0.0,0.0,10,0.03333333333333333,mae,1.0,1.0,1.0,0.09,0.17,0.08,0.0
237,type1_1,5,0.0,0.0,10,0.04,mae,1.0,1.0,1.0,0.09,0.17,0.08,0.0
238,type1_2,5,0.0,0.0,10,0.0,mae,,,,0.0,0.01,0.01,0.0
239,type1_2,5,0.0,1.0,10,0.0,mae,,,,0.17,0.01,0.17,0.0
240,type1_2,5,0.0,2.0,10,0.0,mae,,,,0.33,0.01,0.24,0.0
241,type1_2,5,0.0,3.0,10,0.0,mae,,,,0.33,0.01,0.24,0.0
242,type1_2,5,0.0,4.0,10,0.0,mae,,,,0.33,0.01,0.24,0.0
243,type1_2,5,0.0,5.0,10,0.0,mae,,,,0.33,0.01,0.24,0.0
244,type1_2,5,0.0,6.0,10,0.0,mae,,,,0.33,0.01,0.32,0.0
245,power,5,0.0,0.0,10,0.0,mae,,,,,0.0,0.02,0.0
246,power,5,0.08333333333333333,0.0,10,0.0,mae,,,,,0.33,0.17,0.17
247,power,5,0.16666666666666666,0.0,10,0.0,mae,,,,,0.57,0.41,0.73
248,power,5,0.25,0.0,10,0.0,mae,,,,,0.84,0.57,0.99
249,power,5,0.3333333333333333,0.0,10,0.0,mae,,,,,1.0,0.81,0.99
250,power,5,0.41666666666666663,0.0,10,0.0,mae,,,,,1.0,0.9,1.0
251,power,5,0.5,0.0,10,0.0,mae,,,,,1.0,1.0,1.0
252,type1_1,6,0.0,0.0,10,0.0,mse,0.0,0.0,0.0,0.09,0.0,0.17,0.0
253,type1_1,6,0.0,0.0,10,0.006666666666666667,mse,0.49,0.9,0.75,0.09,0.08,0.09,0.0
254,type1_1,6,0.0,0.0,10,0.013333333333333334,mse,0.76,1.0,1.0,0.09,0.08,0.08,0.0
255,type1_1,6,0.0,0.0,10,0.02,mse,1.0,1.0,1.0,0.09,0.09,0.08,0.0
256,type1_1,6,0.0,0.0,10,0.02666666666666667,mse,1.0,1.0,1.0,0.09,0.09,0.08,0.0
257,type1_1,6,0.0,0.0,10,0.03333333333333333,mse,1.0,1.0,1.0,0.09,0.09,0.08,0.0
258,type1_1,6,0.0,0.0,10,0.04,mse,1.0,1.0,1.0,0.09,0.09,0.08,0.0
259,type1_2,6,0.0,0.0,10,0.0,mse,,,,0.08,0.0,0.08,0.0
260,type1_2,6,0.0,1.0,10,0.0,mse,,,,0.08,0.0,0.0,0.0
261,type1_2,6,0.0,2.0,10,0.0,mse,,,,0.4,0.0,0.0,0.0
262,type1_2,6,0.0,3.0,10,0.0,mse,,,,0.41,0.0,0.0,0.0
263,type1_2,6,0.0,4.0,10,0.0,mse,,,,0.42,0.0,0.0,0.0
264,type1_2,6,0.0,5.0,10,0.0,mse,,,,0.42,0.0,0.0,0.0
265,type1_2,6,0.0,6.0,10,0.0,mse,,,,0.42,0.0,0.0,0.0
266,power,6,0.0,0.0,10,0.0,mse,,,,,0.02,0.17,0.0
267,power,6,0.08333333333333333,0.0,10,0.0,mse,,,,,0.33,0.33,0.24
268,power,6,0.16666666666666666,0.0,10,0.0,mse,,,,,0.73,0.49,0.75
269,power,6,0.25,0.0,10,0.0,mse,,,,,0.98,0.81,1.0
270,power,6,0.3333333333333333,0.0,10,0.0,mse,,,,,0.99,0.9,1.0
271,power,6,0.41666666666666663,0.0,10,0.0,mse,,,,,1.0,0.92,1.0
272,power,6,0.5,0.0,10,0.0,mse,,,,,1.0,1.0,1.0
273,type1_1,6,0.0,0.0,10,0.0,mae,0.0,0.0,0.0,0.09,0.0,0.09,0.08
274,type1_1,6,0.0,0.0,10,0.006666666666666667,mae,0.49,0.9,0.75,0.09,0.08,0.09,0.0
275,type1_1,6,0.0,0.0,10,0.013333333333333334,mae,0.9,1.0,1.0,0.09,0.08,0.09,0.0
276,type1_1,6,0.0,0.0,10,0.02,mae,0.92,1.0,1.0,0.09,0.09,0.09,0.0
277,type1_1,6,0.0,0.0,10,0.02666666666666667,mae,1.0,1.0,1.0,0.09,0.09,0.09,0.0
278,type1_1,6,0.0,0.0,10,0.03333333333333333,mae,1.0,1.0,1.0,0.09,0.09,0.09,0.0
279,type1_1,6,0.0,0.0,10,0.04,mae,1.0,1.0,1.0,0.09,0.09,0.09,0.0
280,type1_2,6,0.0,0.0,10,0.0,mae,,,,0.08,0.0,0.0,0.0
281,type1_2,6,0.0,1.0,10,0.0,mae,,,,0.08,0.0,0.08,0.0
282,type1_2,6,0.0,2.0,10,0.0,mae,,,,0.4,0.0,0.08,0.0
283,type1_2,6,0.0,3.0,10,0.0,mae,,,,0.41,0.0,0.16,0.0
284,type1_2,6,0.0,4.0,10,0.0,mae,,,,0.42,0.0,0.16,0.0
285,type1_2,6,0.0,5.0,10,0.0,mae,,,,0.42,0.0,0.24,0.0
286,type1_2,6,0.0,6.0,10,0.0,mae,,,,0.42,0.0,0.24,0.0
287,power,6,0.0,0.0,10,0.0,mae,,,,,0.02,0.1,0.0
288,power,6,0.08333333333333333,0.0,10,0.0,mae,,,,,0.33,0.17,0.17
289,power,6,0.16666666666666666,0.0,10,0.0,mae,,,,,0.73,0.41,0.74
290,power,6,0.25,0.0,10,0.0,mae,,,,,0.98,0.57,0.99
291,power,6,0.3333333333333333,0.0,10,0.0,mae,,,,,0.99,0.81,1.0
292,power,6,0.41666666666666663,0.0,10,0.0,mae,,,,,1.0,0.9,1.0
293,power,6,0.5,0.0,10,0.0,mae,,,,,1.0,1.0,1.0
294,type1_1,7,0.0,0.0,10,0.0,mse,0.0,0.0,0.0,0.01,0.01,0.08,0.0
295,type1_1,7,0.0,0.0,10,0.006666666666666667,mse,0.17,0.67,0.6,0.09,0.01,0.08,0.0
296,type1_1,7,0.0,0.0,10,0.013333333333333334,mse,0.76,1.0,0.92,0.09,0.01,0.08,0.0
297,type1_1,7,0.0,0.0,10,0.02,mse,1.0,1.0,0.92,0.09,0.01,0.08,0.0
298,type1_1,7,0.0,0.0,10,0.02666666666666667,mse,1.0,1.0,0.92,0.09,0.01,0.08,0.0
299,type1_1,7,0.0,0.0,10,0.03333333333333333,mse,1.0,1.0,0.92,0.09,0.01,0.08,0.0
300,type1_1,7,0.0,0.0,10,0.04,mse,1.0,1.0,0.92,0.09,0.01,0.08,0.08
301,type1_2,7,0.0,0.0,10,0.0,mse,,,,0.08,0.08,0.0,0.0
302,type1_2,7,0.0,1.0,10,0.0,mse,,,,0.33,0.08,0.0,0.0
303,type1_2,7,0.0,2.0,10,0.0,mse,,,,0.57,0.08,0.24,0.0
304,type1_2,7,0.0,3.0,10,0.0,mse,,,,0.57,0.08,0.24,0.0
305,type1_2,7,0.0,4.0,10,0.0,mse,,,,0.57,0.08,0.24,0.0
306,type1_2,7,0.0,5.0,10,0.0,mse,,,,0.57,0.08,0.24,0.0
307,type1_2,7,0.0,6.0,10,0.0,mse,,,,0.57,0.08,0.24,0.0
308,power,7,0.0,0.0,10,0.0,mse,,,,,0.09,0.09,0.0
309,power,7,0.08333333333333333,0.0,10,0.0,mse,,,,,0.49,0.33,0.16
310,power,7,0.16666666666666666,0.0,10,0.0,mse,,,,,0.81,0.57,0.74
311,power,7,0.25,0.0,10,0.0,mse,,,,,0.91,0.73,0.99
312,power,7,0.3333333333333333,0.0,10,0.0,mse,,,,,1.0,0.9,1.0
313,power,7,0.41666666666666663,0.0,10,0.0,mse,,,,,1.0,0.92,1.0
314,power,7,0.5,0.0,10,0.0,mse,,,,,1.0,1.0,1.0
315,type1_1,7,0.0,0.0,10,0.0,mae,0.0,0.0,0.0,0.01,0.01,0.01,0.0
316,type1_1,7,0.0,0.0,10,0.006666666666666667,mae,0.34,0.67,0.6,0.09,0.01,0.09,0.0
317,type1_1,7,0.0,0.0,10,0.013333333333333334,mae,0.84,1.0,0.92,0.09,0.01,0.09,0.0
318,type1_1,7,0.0,0.0,10,0.02,mae,0.92,1.0,0.92,0.09,0.01,0.09,0.0
319,type1_1,7,0.0,0.0,10,0.02666666666666667,mae,1.0,1.0,0.92,0.09,0.01,0.09,0.0
320,type1_1,7,0.0,0.0,10,0.03333333333333333,mae,1.0,1.0,0.92,0.09,0.01,0.09,0.0
321,type1_1,7,0.0,0.0,10,0.04,mae,1.0,1.0,0.92,0.09,0.01,0.09,0.0
322,type1_2,7,0.0,0.0,10,0.0,mae,,,,0.08,0.08,0.08,0.0
323,type1_2,7,0.0,1.0,10,0.0,mae,,,,0.33,0.08,0.32,0.0
324,type1_2,7,0.0,2.0,10,0.0,mae,,,,0.57,0.08,0.32,0.0
325,type1_2,7,0.0,3.0,10,0.0,mae,,,,0.57,0.08,0.48,0.0
326,type1_2,7,0.0,4.0,10,0.0,mae,,,,0.57,0.08,0.48,0.0
327,type1_2,7,0.0,5.0,10,0.0,mae,,,,0.57,0.08,0.48,0.0
328,type1_2,7,0.0,6.0,10,0.0,mae,,,,0.57,0.08,0.48,0.0
329,power,7,0.0,0.0,10,0.0,mae,,,,,0.09,0.09,0.0
330,power,7,0.08333333333333333,0.0,10,0.0,mae,,,,,0.49,0.09,0.09
331,power,7,0.16666666666666666,0.0,10,0.0,mae,,,,,0.81,0.41,0.73
332,power,7,0.25,0.0,10,0.0,mae,,,,,0.91,0.49,0.83
333,power,7,0.3333333333333333,0.0,10,0.0,mae,,,,,1.0,0.81,1.0
334,power,7,0.41666666666666663,0.0,10,0.0,mae,,,,,1.0,0.9,1.0
335,power,7,0.5,0.0,10,0.0,mae,,,,,1.0,1.0,1.0
336,type1_1,8,0.0,0.0,10,0.0,mse,0.0,0.08,0.0,0.16,0.08,0.16,0.0
337,type1_1,8,0.0,0.0,10,0.006666666666666667,mse,0.26,0.42,0.34,0.09,0.09,0.09,0.0
338,type1_1,8,0.0,0.0,10,0.013333333333333334,mse,0.5,1.0,0.92,0.08,0.09,0.08,0.0
339,type1_1,8,0.0,0.0,10,0.02,mse,0.76,1.0,0.92,0.08,0.09,0.08,0.0
340,type1_1,8,0.0,0.0,10,0.02666666666666667,mse,0.92,1.0,1.0,0.08,0.09,0.08,0.0
341,type1_1,8,0.0,0.0,10,0.03333333333333333,mse,1.0,1.0,1.0,0.08,0.09,0.08,0.0
342,type1_1,8,0.0,0.0,10,0.04,mse,1.0,1.0,1.0,0.08,0.09,0.08,0.0
343,type1_2,8,0.0,0.0,10,0.0,mse,,,,0.0,0.01,0.08,0.0
344,type1_2,8,0.0,1.0,10,0.0,mse,,,,0.17,0.01,0.0,0.0
345,type1_2,8,0.0,2.0,10,0.0,mse,,,,0.25,0.01,0.08,0.0
346,type1_2,8,0.0,3.0,10,0.0,mse,,,,0.25,0.01,0.08,0.0
347,type1_2,8,0.0,4.0,10,0.0,mse,,,,0.26,0.01,0.08,0.0
348,type1_2,8,0.0,5.0,10,0.0,mse,,,,0.26,0.01,0.08,0.0
349,type1_2,8,0.0,6.0,10,0.0,mse,,,,0.26,0.01,0.08,0.0
350,power,8,0.0,0.0,10,0.0,mse,,,,,0.02,0.17,0.0
351,power,8,0.08333333333333333,0.0,10,0.0,mse,,,,,0.25,0.33,0.24
352,power,8,0.16666666666666666,0.0,10,0.0,mse,,,,,0.66,0.57,0.74
353,power,8,0.25,0.0,10,0.0,mse,,,,,0.91,0.81,0.99
354,power,8,0.3333333333333333,0.0,10,0.0,mse,,,,,1.0,0.9,1.0
355,power,8,0.41666666666666663,0.0,10,0.0,mse,,,,,1.0,0.92,1.0
356,power,8,0.5,0.0,10,0.0,mse,,,,,1.0,1.0,1.0
357,type1_1,8,0.0,0.0,10,0.0,mae,0.0,0.08,0.0,0.16,0.08,0.16,0.0
358,type1_1,8,0.0,0.0,10,0.006666666666666667,mae,0.17,0.42,0.34,0.09,0.09,0.09,0.0
359,type1_1,8,0.0,0.0,10,0.013333333333333334,mae,0.5,1.0,0.92,0.08,0.09,0.09,0.0
360,type1_1,8,0.0,0.0,10,0.02,mae,0.76,1.0,0.92,0.08,0.09,0.09,0.0
361,type1_1,8,0.0,0.0,10,0.02666666666666667,mae,1.0,1.0,1.0,0.08,0.09,0.09,0.0
362,type1_1,8,0.0,0.0,10,0.03333333333333333,mae,1.0,1.0,1.0,0.08,0.09,0.09,0.0
363,type1_1,8,0.0,0.0,10,0.04,mae,1.0,1.0,1.0,0.08,0.09,0.09,0.0
364,type1_2,8,0.0,0.0,10,0.0,mae,,,,0.0,0.01,0.0,0.16
365,type1_2,8,0.0,1.0,10,0.0,mae,,,,0.17,0.01,0.09,0.16
366,type1_2,8,0.0,2.0,10,0.0,mae,,,,0.25,0.01,0.16,0.16
367,type1_2,8,0.0,3.0,10,0.0,mae,,,,0.25,0.01,0.24,0.16
368,type1_2,8,0.0,4.0,10,0.0,mae,,,,0.26,0.01,0.24,0.16
369,type1_2,8,0.0,5.0,10,0.0,mae,,,,0.26,0.01,0.24,0.16
370,type1_2,8,0.0,6.0,10,0.0,mae,,,,0.26,0.01,0.24,0.16
371,power,8,0.0,0.0,10,0.0,mae,,,,,0.02,0.02,0.0
372,power,8,0.08333333333333333,0.0,10,0.0,mae,,,,,0.25,0.17,0.17
373,power,8,0.16666666666666666,0.0,10,0.0,mae,,,,,0.66,0.41,0.73
374,power,8,0.25,0.0,10,0.0,mae,,,,,0.91,0.65,0.9
375,power,8,0.3333333333333333,0.0,10,0.0,mae,,,,,1.0,0.81,0.99
376,power,8,0.41666666666666663,0.0,10,0.0,mae,,,,,1.0,0.9,1.0
377,power,8,0.5,0.0,10,0.0,mae,,,,,1.0,1.0,1.0
378,type1_1,9,0.0,0.0,10,0.0,mse,0.16,0.09,0.0,0.08,0.01,0.08,0.08
379,type1_1,9,0.0,0.0,10,0.006666666666666667,mse,0.33,0.5,0.5,0.08,0.09,0.08,0.0
380,type1_1,9,0.0,0.0,10,0.013333333333333334,mse,0.51,1.0,0.84,0.08,0.09,0.08,0.0
381,type1_1,9,0.0,0.0,10,0.02,mse,0.92,1.0,1.0,0.08,0.09,0.08,0.0
382,type1_1,9,0.0,0.0,10,0.02666666666666667,mse,1.0,1.0,1.0,0.08,0.01,0.08,0.0
383,type1_1,9,0.0,0.0,10,0.03333333333333333,mse,1.0,1.0,1.0,0.08,0.01,0.08,0.0
384,type1_1,9,0.0,0.0,10,0.04,mse,1.0,1.0,1.0,0.08,0.01,0.08,0.0
385,type1_2,9,0.0,0.0,10,0.0,mse,,,,0.0,0.0,0.0,0.16
386,type1_2,9,0.0,1.0,10,0.0,mse,,,,0.4,0.0,0.08,0.16
387,type1_2,9,0.0,2.0,10,0.0,mse,,,,0.56,0.0,0.32,0.16
388,type1_2,9,0.0,3.0,10,0.0,mse,,,,0.56,0.0,0.32,0.16
389,type1_2,9,0.0,4.0,10,0.0,mse,,,,0.56,0.0,0.32,0.16
390,type1_2,9,0.0,5.0,10,0.0,mse,,,,0.56,0.0,0.32,0.16
391,type1_2,9,0.0,6.0,10,0.0,mse,,,,0.56,0.0,0.32,0.16
392,power,9,0.0,0.0,10,0.0,mse,,,,,0.01,0.01,0.0
393,power,9,0.08333333333333333,0.0,10,0.0,mse,,,,,0.33,0.33,0.16
394,power,9,0.16666666666666666,0.0,10,0.0,mse,,,,,0.74,0.49,0.74
395,power,9,0.25,0.0,10,0.0,mse,,,,,0.91,0.81,0.99
396,power,9,0.3333333333333333,0.0,10,0.0,mse,,,,,1.0,0.9,1.0
397,power,9,0.41666666666666663,0.0,10,0.0,mse,,,,,1.0,0.92,1.0
398,power,9,0.5,0.0,10,0.0,mse,,,,,1.0,1.0,1.0
399,type1_1,9,0.0,0.0,10,0.0,mae,0.16,0.09,0.0,0.08,0.01,0.09,0.0
400,type1_1,9,0.0,0.0,10,0.006666666666666667,mae,0.42,0.5,0.5,0.08,0.09,0.09,0.0
401,type1_1,9,0.0,0.0,10,0.013333333333333334,mae,0.67,1.0,0.84,0.08,0.09,0.09,0.0
402,type1_1,9,0.0,0.0,10,0.02,mae,0.92,1.0,1.0,0.08,0.09,0.08,0.0
403,type1_1,9,0.0,0.0,10,0.02666666666666667,mae,1.0,1.0,1.0,0.08,0.01,0.08,0.0
404,type1_1,9,0.0,0.0,10,0.03333333333333333,mae,1.0,1.0,1.0,0.08,0.01,0.08,0.0
405,type1_1,9,0.0,0.0,10,0.04,mae,1.0,1.0,1.0,0.08,0.01,0.08,0.0
406,type1_2,9,0.0,0.0,10,0.0,mae,,,,0.0,0.0,0.0,0.16
407,type1_2,9,0.0,1.0,10,0.0,mae,,,,0.4,0.0,0.4,0.16
408,type1_2,9,0.0,2.0,10,0.0,mae,,,,0.56,0.0,0.4,0.16
409,type1_2,9,0.0,3.0,10,0.0,mae,,,,0.56,0.0,0.4,0.16
410,type1_2,9,0.0,4.0,10,0.0,mae,,,,0.56,0.0,0.48,0.16
411,type1_2,9,0.0,5.0,10,0.0,mae,,,,0.56,0.0,0.48,0.16
412,type1_2,9,0.0,6.0,10,0.0,mae,,,,0.56,0.0,0.48,0.16
413,power,9,0.0,0.0,10,0.0,mae,,,,,0.01,0.02,0.0
414,power,9,0.08333333333333333,0.0,10,0.0,mae,,,,,0.33,0.09,0.17
415,power,9,0.16666666666666666,0.0,10,0.0,mae,,,,,0.74,0.41,0.65
416,power,9,0.25,0.0,10,0.0,mae,,,,,0.91,0.57,0.91
417,power,9,0.3333333333333333,0.0,10,0.0,mae,,,,,1.0,0.81,1.0
418,power,9,0.41666666666666663,0.0,10,0.0,mae,,,,,1.0,0.9,1.0
419,power,9,0.5,0.0,10,0.0,mae,,,,,1.0,1.0,1.0
420,type1_1,10,0.0,0.0,10,0.0,mse,0.0,0.08,0.0,0.0,0.0,0.0,0.08
421,type1_1,10,0.0,0.0,10,0.006666666666666667,mse,0.27,0.67,0.59,0.09,0.08,0.08,0.0
422,type1_1,10,0.0,0.0,10,0.013333333333333334,mse,0.75,1.0,0.84,0.09,0.08,0.08,0.0
423,type1_1,10,0.0,0.0,10,0.02,mse,1.0,1.0,0.92,0.09,0.08,0.08,0.0
424,type1_1,10,0.0,0.0,10,0.02666666666666667,mse,1.0,1.0,0.92,0.09,0.08,0.08,0.0
425,type1_1,10,0.0,0.0,10,0.03333333333333333,mse,1.0,1.0,1.0,0.08,0.08,0.08,0.08
426,type1_1,10,0.0,0.0,10,0.04,mse,1.0,1.0,1.0,0.08,0.08,0.08,0.08
427,type1_2,10,0.0,0.0,10,0.0,mse,,,,0.01,0.01,0.0,0.01
428,type1_2,10,0.0,1.0,10,0.0,mse,,,,0.09,0.01,0.0,0.01
429,type1_2,10,0.0,2.0,10,0.0,mse,,,,0.33,0.01,0.0,0.01
430,type1_2,10,0.0,3.0,10,0.0,mse,,,,0.34,0.01,0.08,0.01
431,type1_2,10,0.0,4.0,10,0.0,mse,,,,0.34,0.01,0.08,0.01
432,type1_2,10,0.0,5.0,10,0.0,mse,,,,0.34,0.01,0.08,0.01
433,type1_2,10,0.0,6.0,10,0.0,mse,,,,0.34,0.01,0.08,0.01
434,power,10,0.0,0.0,10,0.0,mse,,,,,0.01,0.17,0.0
435,power,10,0.08333333333333333,0.0,10,0.0,mse,,,,,0.41,0.33,0.24
436,power,10,0.16666666666666666,0.0,10,0.0,mse,,,,,0.73,0.49,0.74
437,power,10,0.25,0.0,10,0.0,mse,,,,,0.91,0.81,1.0
438,power,10,0.3333333333333333,0.0,10,0.0,mse,,,,,1.0,0.9,1.0
439,power,10,0.41666666666666663,0.0,10,0.0,mse,,,,,1.0,0.92,1.0
440,power,10,0.5,0.0,10,0.0,mse,,,,,1.0,1.0,1.0
441,type1_1,10,0.0,0.0,10,0.0,mae,0.08,0.08,0.0,0.0,0.0,0.0,0.0
442,type1_1,10,0.0,0.0,10,0.006666666666666667,mae,0.1,0.67,0.59,0.09,0.08,0.09,0.0
443,type1_1,10,0.0,0.0,10,0.013333333333333334,mae,0.67,1.0,0.84,0.09,0.08,0.09,0.0
444,type1_1,10,0.0,0.0,10,0.02,mae,0.92,1.0,0.92,0.09,0.08,0.08,0.0
445,type1_1,10,0.0,0.0,10,0.02666666666666667,mae,1.0,1.0,0.92,0.09,0.08,0.08,0.0
446,type1_1,10,0.0,0.0,10,0.03333333333333333,mae,1.0,1.0,1.0,0.08,0.08,0.08,0.0
447,type1_1,10,0.0,0.0,10,0.04,mae,1.0,1.0,1.0,0.08,0.08,0.08,0.0
448,type1_2,10,0.0,0.0,10,0.0,mae,,,,0.01,0.01,0.01,0.0
449,type1_2,10,0.0,1.0,10,0.0,mae,,,,0.09,0.01,0.09,0.0
450,type1_2,10,0.0,2.0,10,0.0,mae,,,,0.33,0.01,0.08,0.0
451,type1_2,10,0.0,3.0,10,0.0,mae,,,,0.34,0.01,0.24,0.0
452,type1_2,10,0.0,4.0,10,0.0,mae,,,,0.34,0.01,0.24,0.0
453,type1_2,10,0.0,5.0,10,0.0,mae,,,,0.34,0.01,0.24,0.0
454,type1_2,10,0.0,6.0,10,0.0,mae,,,,0.34,0.01,0.24,0.0
455,power,10,0.0,0.0,10,0.0,mae,,,,,0.01,0.02,0.01
456,power,10,0.08333333333333333,0.0,10,0.0,mae,,,,,0.41,0.17,0.25
457,power,10,0.16666666666666666,0.0,10,0.0,mae,,,,,0.73,0.41,0.65
458,power,10,0.25,0.0,10,0.0,mae,,,,,0.91,0.65,0.91
459,power,10,0.3333333333333333,0.0,10,0.0,mae,,,,,1.0,0.81,1.0
460,power,10,0.41666666666666663,0.0,10,0.0,mae,,,,,1.0,0.9,1.0
461,power,10,0.5,0.0,10,0.0,mae,,,,,1.0,1.0,1.0
462,type1_1,11,0.0,0.0,10,0.0,mse,0.0,0.0,0.0,0.08,0.16,0.16,0.0
463,type1_1,11,0.0,0.0,10,0.006666666666666667,mse,0.26,0.58,0.42,0.09,0.09,0.08,0.0
464,type1_1,11,0.0,0.0,10,0.013333333333333334,mse,0.67,0.91,0.84,0.09,0.09,0.08,0.0
465,type1_1,11,0.0,0.0,10,0.02,mse,0.92,1.0,1.0,0.09,0.09,0.08,0.0
466,type1_1,11,0.0,0.0,10,0.02666666666666667,mse,1.0,1.0,1.0,0.08,0.09,0.08,0.0
467,type1_1,11,0.0,0.0,10,0.03333333333333333,mse,1.0,1.0,1.0,0.08,0.09,0.08,0.0
468,type1_1,11,0.0,0.0,10,0.04,mse,1.0,1.0,1.0,0.08,0.09,0.08,0.0
469,type1_2,11,0.0,0.0,10,0.0,mse,,,,0.0,0.08,0.08,0.0
470,type1_2,11,0.0,1.0,10,0.0,mse,,,,0.32,0.08,0.16,0.0
471,type1_2,11,0.0,2.0,10,0.0,mse,,,,0.41,0.08,0.24,0.0
472,type1_2,11,0.0,3.0,10,0.0,mse,,,,0.49,0.08,0.16,0.0
473,type1_2,11,0.0,4.0,10,0.0,mse,,,,0.49,0.08,0.16,0.0
474,type1_2,11,0.0,5.0,10,0.0,mse,,,,0.49,0.08,0.16,0.0
475,type1_2,11,0.0,6.0,10,0.0,mse,,,,0.49,0.08,0.16,0.0
476,power,11,0.0,0.0,10,0.0,mse,,,,,0.0,0.16,0.0
477,power,11,0.08333333333333333,0.0,10,0.0,mse,,,,,0.25,0.33,0.16
478,power,11,0.16666666666666666,0.0,10,0.0,mse,,,,,0.82,0.49,0.74
479,power,11,0.25,0.0,10,0.0,mse,,,,,0.9,0.73,0.99
480,power,11,0.3333333333333333,0.0,10,0.0,mse,,,,,1.0,0.9,1.0
481,power,11,0.41666666666666663,0.0,10,0.0,mse,,,,,1.0,0.92,1.0
482,power,11,0.5,0.0,10,0.0,mse,,,,,1.0,1.0,1.0
483,type1_1,11,0.0,0.0,10,0.0,mae,0.0,0.0,0.0,0.08,0.16,0.08,0.16
484,type1_1,11,0.0,0.0,10,0.006666666666666667,mae,0.19,0.58,0.42,0.09,0.09,0.09,0.0
485,type1_1,11,0.0,0.0,10,0.013333333333333334,mae,0.6,0.91,0.84,0.09,0.09,0.09,0.0
486,type1_1,11,0.0,0.0,10,0.02,mae,0.92,1.0,1.0,0.09,0.09,0.08,0.0
487,type1_1,11,0.0,0.0,10,0.02666666666666667,mae,1.0,1.0,1.0,0.08,0.09,0.08,0.0
488,type1_1,11,0.0,0.0,10,0.03333333333333333,mae,1.0,1.0,1.0,0.08,0.09,0.08,0.0
489,type1_1,11,0.0,0.0,10,0.04,mae,1.0,1.0,1.0,0.08,0.09,0.08,0.0
490,type1_2,11,0.0,0.0,10,0.0,mae,,,,0.0,0.08,0.0,0.08
491,type1_2,11,0.0,1.0,10,0.0,mae,,,,0.32,0.08,0.32,0.08
492,type1_2,11,0.0,2.0,10,0.0,mae,,,,0.41,0.08,0.32,0.08
493,type1_2,11,0.0,3.0,10,0.0,mae,,,,0.49,0.08,0.32,0.08
494,type1_2,11,0.0,4.0,10,0.0,mae,,,,0.49,0.08,0.33,0.08
495,type1_2,11,0.0,5.0,10,0.0,mae,,,,0.49,0.08,0.33,0.08
496,type1_2,11,0.0,6.0,10,0.0,mae,,,,0.49,0.08,0.33,0.08
497,power,11,0.0,0.0,10,0.0,mae,,,,,0.0,0.01,0.01
498,power,11,0.08333333333333333,0.0,10,0.0,mae,,,,,0.25,0.17,0.17
499,power,11,0.16666666666666666,0.0,10,0.0,mae,,,,,0.82,0.41,0.57
500,power,11,0.25,0.0,10,0.0,mae,,,,,0.9,0.57,0.91
501,power,11,0.3333333333333333,0.0,10,0.0,mae,,,,,1.0,0.81,0.99
502,power,11,0.41666666666666663,0.0,10,0.0,mae,,,,,1.0,0.82,1.0
503,power,11,0.5,0.0,10,0.0,mae,,,,,1.0,1.0,1.0
504,type1_1,12,0.0,0.0,10,0.0,mse,0.0,0.0,0.0,0.16,0.08,0.24,0.0
505,type1_1,12,0.0,0.0,10,0.006666666666666667,mse,0.34,0.99,0.91,0.08,0.08,0.08,0.0
506,type1_1,12,0.0,0.0,10,0.013333333333333334,mse,0.91,1.0,1.0,0.08,0.08,0.08,0.0
507,type1_1,12,0.0,0.0,10,0.02,mse,1.0,1.0,1.0,0.09,0.08,0.08,0.0
508,type1_1,12,0.0,0.0,10,0.02666666666666667,mse,1.0,1.0,1.0,0.09,0.08,0.08,0.0
509,type1_1,12,0.0,0.0,10,0.03333333333333333,mse,1.0,1.0,1.0,0.09,0.08,0.08,0.0
510,type1_1,12,0.0,0.0,10,0.04,mse,1.0,1.0,1.0,0.08,0.08,0.08,0.0
511,type1_2,12,0.0,0.0,10,0.0,mse,,,,0.0,0.01,0.08,0.0
512,type1_2,12,0.0,1.0,10,0.0,mse,,,,0.48,0.01,0.08,0.0
513,type1_2,12,0.0,2.0,10,0.0,mse,,,,0.56,0.01,0.32,0.0
514,type1_2,12,0.0,3.0,10,0.0,mse,,,,0.56,0.01,0.24,0.0
515,type1_2,12,0.0,4.0,10,0.0,mse,,,,0.56,0.01,0.24,0.0
516,type1_2,12,0.0,5.0,10,0.0,mse,,,,0.56,0.01,0.24,0.0
517,type1_2,12,0.0,6.0,10,0.0,mse,,,,0.56,0.01,0.24,0.0
518,power,12,0.0,0.0,10,0.0,mse,,,,,0.01,0.01,0.0
519,power,12,0.08333333333333333,0.0,10,0.0,mse,,,,,0.24,0.33,0.16
520,power,12,0.16666666666666666,0.0,10,0.0,mse,,,,,0.81,0.49,0.74
521,power,12,0.25,0.0,10,0.0,mse,,,,,0.91,0.73,0.99
522,power,12,0.3333333333333333,0.0,10,0.0,mse,,,,,1.0,0.9,1.0
523,power,12,0.41666666666666663,0.0,10,0.0,mse,,,,,1.0,0.92,1.0
524,power,12,0.5,0.0,10,0.0,mse,,,,,1.0,1.0,1.0
525,type1_1,12,0.0,0.0,10,0.0,mae,0.01,0.0,0.0,0.16,0.08,0.16,0.0
526,type1_1,12,0.0,0.0,10,0.006666666666666667,mae,0.33,0.99,0.91,0.08,0.08,0.09,0.0
527,type1_1,12,0.0,0.0,10,0.013333333333333334,mae,0.91,1.0,1.0,0.08,0.08,0.09,0.0
528,type1_1,12,0.0,0.0,10,0.02,mae,1.0,1.0,1.0,0.09,0.08,0.09,0.0
529,type1_1,12,0.0,0.0,10,0.02666666666666667,mae,1.0,1.0,1.0,0.09,0.08,0.09,0.0
530,type1_1,12,0.0,0.0,10,0.03333333333333333,mae,1.0,1.0,1.0,0.09,0.08,0.09,0.0
531,type1_1,12,0.0,0.0,10,0.04,mae,1.0,1.0,1.0,0.08,0.08,0.08,0.0
532,type1_2,12,0.0,0.0,10,0.0,mae,,,,0.0,0.01,0.0,0.0
533,type1_2,12,0.0,1.0,10,0.0,mae,,,,0.48,0.01,0.4,0.0
534,type1_2,12,0.0,2.0,10,0.0,mae,,,,0.56,0.01,0.48,0.0
535,type1_2,12,0.0,3.0,10,0.0,mae,,,,0.56,0.01,0.48,0.0
536,type1_2,12,0.0,4.0,10,0.0,mae,,,,0.56,0.01,0.48,0.0
537,type1_2,12,0.0,5.0,10,0.0,mae,,,,0.56,0.01,0.48,0.0
538,type1_2,12,0.0,6.0,10,0.0,mae,,,,0.56,0.01,0.48,0.0
539,power,12,0.0,0.0,10,0.0,mae,,,,,0.01,0.01,0.0
540,power,12,0.08333333333333333,0.0,10,0.0,mae,,,,,0.24,0.17,0.17
541,power,12,0.16666666666666666,0.0,10,0.0,mae,,,,,0.81,0.41,0.73
542,power,12,0.25,0.0,10,0.0,mae,,,,,0.91,0.65,0.91
543,power,12,0.3333333333333333,0.0,10,0.0,mae,,,,,1.0,0.81,0.99
544,power,12,0.41666666666666663,0.0,10,0.0,mae,,,,,1.0,0.9,1.0
545,power,12,0.5,0.0,10,0.0,mae,,,,,1.0,1.0,1.0
546,type1_1,13,0.0,0.0,10,0.0,mse,0.02,0.0,0.01,0.08,0.0,0.0,0.0
547,type1_1,13,0.0,0.0,10,0.006666666666666667,mse,0.34,0.68,0.58,0.09,0.09,0.09,0.0
548,type1_1,13,0.0,0.0,10,0.013333333333333334,mse,0.76,1.0,1.0,0.09,0.09,0.08,0.0
549,type1_1,13,0.0,0.0,10,0.02,mse,1.0,1.0,1.0,0.09,0.09,0.08,0.0
550,type1_1,13,0.0,0.0,10,0.02666666666666667,mse,1.0,1.0,1.0,0.09,0.09,0.08,0.0
551,type1_1,13,0.0,0.0,10,0.03333333333333333,mse,1.0,1.0,1.0,0.09,0.09,0.08,0.0
552,type1_1,13,0.0,0.0,10,0.04,mse,1.0,1.0,1.0,0.08,0.09,0.08,0.0
553,type1_2,13,0.0,0.0,10,0.0,mse,,,,0.0,0.0,0.0,0.0
554,type1_2,13,0.0,1.0,10,0.0,mse,,,,0.09,0.0,0.0,0.0
555,type1_2,13,0.0,2.0,10,0.0,mse,,,,0.17,0.0,0.08,0.0
556,type1_2,13,0.0,3.0,10,0.0,mse,,,,0.25,0.0,0.08,0.0
557,type1_2,13,0.0,4.0,10,0.0,mse,,,,0.25,0.0,0.08,0.0
558,type1_2,13,0.0,5.0,10,0.0,mse,,,,0.25,0.0,0.08,0.0
559,type1_2,13,0.0,6.0,10,0.0,mse,,,,0.25,0.0,0.08,0.0
560,power,13,0.0,0.0,10,0.0,mse,,,,,0.0,0.08,0.0
561,power,13,0.08333333333333333,0.0,10,0.0,mse,,,,,0.25,0.33,0.24
562,power,13,0.16666666666666666,0.0,10,0.0,mse,,,,,0.65,0.57,0.67
563,power,13,0.25,0.0,10,0.0,mse,,,,,0.9,0.81,1.0
564,power,13,0.3333333333333333,0.0,10,0.0,mse,,,,,1.0,0.9,1.0
565,power,13,0.41666666666666663,0.0,10,0.0,mse,,,,,1.0,0.92,1.0
566,power,13,0.5,0.0,10,0.0,mse,,,,,1.0,1.0,1.0
567,type1_1,13,0.0,0.0,10,0.0,mae,0.0,0.0,0.01,0.08,0.0,0.08,0.16
568,type1_1,13,0.0,0.0,10,0.006666666666666667,mae,0.25,0.68,0.58,0.09,0.09,0.09,0.0
569,type1_1,13,0.0,0.0,10,0.013333333333333334,mae,0.59,1.0,1.0,0.09,0.09,0.09,0.0
570,type1_1,13,0.0,0.0,10,0.02,mae,1.0,1.0,1.0,0.09,0.09,0.09,0.0
571,type1_1,13,0.0,0.0,10,0.02666666666666667,mae,1.0,1.0,1.0,0.09,0.09,0.09,0.0
572,type1_1,13,0.0,0.0,10,0.03333333333333333,mae,1.0,1.0,1.0,0.09,0.09,0.09,0.0
573,type1_1,13,0.0,0.0,10,0.04,mae,1.0,1.0,1.0,0.08,0.09,0.09,0.0
574,type1_2,13,0.0,0.0,10,0.0,mae,,,,0.0,0.0,0.0,0.0
575,type1_2,13,0.0,1.0,10,0.0,mae,,,,0.09,0.0,0.09,0.0
576,type1_2,13,0.0,2.0,10,0.0,mae,,,,0.17,0.0,0.09,0.0
577,type1_2,13,0.0,3.0,10,0.0,mae,,,,0.25,0.0,0.09,0.0
578,type1_2,13,0.0,4.0,10,0.0,mae,,,,0.25,0.0,0.09,0.0
579,type1_2,13,0.0,5.0,10,0.0,mae,,,,0.25,0.0,0.09,0.0
580,type1_2,13,0.0,6.0,10,0.0,mae,,,,0.25,0.0,0.09,0.0
581,power,13,0.0,0.0,10,0.0,mae,,,,,0.0,0.01,0.08
582,power,13,0.08333333333333333,0.0,10,0.0,mae,,,,,0.25,0.09,0.17
583,power,13,0.16666666666666666,0.0,10,0.0,mae,,,,,0.65,0.41,0.57
584,power,13,0.25,0.0,10,0.0,mae,,,,,0.9,0.57,0.91
585,power,13,0.3333333333333333,0.0,10,0.0,mae,,,,,1.0,0.81,1.0
586,power,13,0.41666666666666663,0.0,10,0.0,mae,,,,,1.0,0.9,1.0
587,power,13,0.5,0.0,10,0.0,mae,,,,,1.0,1.0,1.0
588,type1_1,14,0.0,0.0,10,0.0,mse,0.0,0.01,0.02,0.08,0.08,0.16,0.01
589,type1_1,14,0.0,0.0,10,0.006666666666666667,mse,0.58,0.83,0.99,0.09,0.0,0.08,0.0
590,type1_1,14,0.0,0.0,10,0.013333333333333334,mse,0.99,1.0,1.0,0.09,0.0,0.08,0.0
591,type1_1,14,0.0,0.0,10,0.02,mse,1.0,1.0,1.0,0.09,0.0,0.08,0.0
592,type1_1,14,0.0,0.0,10,0.02666666666666667,mse,1.0,1.0,1.0,0.09,0.0,0.08,0.0
593,type1_1,14,0.0,0.0,10,0.03333333333333333,mse,1.0,1.0,1.0,0.09,0.0,0.08,0.08
594,type1_1,14,0.0,0.0,10,0.04,mse,1.0,1.0,1.0,0.08,0.0,0.08,0.08
595,type1_2,14,0.0,0.0,10,0.0,mse,,,,0.0,0.08,0.16,0.0
596,type1_2,14,0.0,1.0,10,0.0,mse,,,,0.41,0.08,0.16,0.0
597,type1_2,14,0.0,2.0,10,0.0,mse,,,,0.65,0.08,0.24,0.0
598,type1_2,14,0.0,3.0,10,0.0,mse,,,,0.65,0.08,0.16,0.0
599,type1_2,14,0.0,4.0,10,0.0,mse,,,,0.65,0.08,0.16,0.0
600,type1_2,14,0.0,5.0,10,0.0,mse,,,,0.65,0.08,0.16,0.0
601,type1_2,14,0.0,6.0,10,0.0,mse,,,,0.65,0.08,0.16,0.0
602,power,14,0.0,0.0,10,0.0,mse,,,,,0.09,0.16,0.0
603,power,14,0.08333333333333333,0.0,10,0.0,mse,,,,,0.41,0.33,0.24
604,power,14,0.16666666666666666,0.0,10,0.0,mse,,,,,0.74,0.57,0.74
605,power,14,0.25,0.0,10,0.0,mse,,,,,0.9,0.81,0.99
606,power,14,0.3333333333333333,0.0,10,0.0,mse,,,,,1.0,0.9,1.0
607,power,14,0.41666666666666663,0.0,10,0.0,mse,,,,,1.0,0.92,1.0
608,power,14,0.5,0.0,10,0.0,mse,,,,,1.0,1.0,1.0
609,type1_1,14,0.0,0.0,10,0.0,mae,0.0,0.01,0.02,0.08,0.08,0.08,0.0
610,type1_1,14,0.0,0.0,10,0.006666666666666667,mae,0.59,0.83,0.99,0.09,0.0,0.09,0.0
611,type1_1,14,0.0,0.0,10,0.013333333333333334,mae,0.99,1.0,1.0,0.09,0.0,0.09,0.0
612,type1_1,14,0.0,0.0,10,0.02,mae,1.0,1.0,1.0,0.09,0.0,0.08,0.0
613,type1_1,14,0.0,0.0,10,0.02666666666666667,mae,1.0,1.0,1.0,0.09,0.0,0.08,0.0
614,type1_1,14,0.0,0.0,10,0.03333333333333333,mae,1.0,1.0,1.0,0.09,0.0,0.08,0.0
615,type1_1,14,0.0,0.0,10,0.04,mae,1.0,1.0,1.0,0.08,0.0,0.08,0.0
616,type1_2,14,0.0,0.0,10,0.0,mae,,,,0.0,0.08,0.08,0.0
617,type1_2,14,0.0,1.0,10,0.0,mae,,,,0.41,0.08,0.4,0.0
618,type1_2,14,0.0,2.0,10,0.0,mae,,,,0.65,0.08,0.41,0.0
619,type1_2,14,0.0,3.0,10,0.0,mae,,,,0.65,0.08,0.49,0.0
620,type1_2,14,0.0,4.0,10,0.0,mae,,,,0.65,0.08,0.57,0.0
621,type1_2,14,0.0,5.0,10,0.0,mae,,,,0.65,0.08,0.57,0.0
622,type1_2,14,0.0,6.0,10,0.0,mae,,,,0.65,0.08,0.65,0.0
623,power,14,0.0,0.0,10,0.0,mae,,,,,0.09,0.01,0.09
624,power,14,0.08333333333333333,0.0,10,0.0,mae,,,,,0.41,0.09,0.17
625,power,14,0.16666666666666666,0.0,10,0.0,mae,,,,,0.74,0.33,0.57
626,power,14,0.25,0.0,10,0.0,mae,,,,,0.9,0.57,0.91
627,power,14,0.3333333333333333,0.0,10,0.0,mae,,,,,1.0,0.81,0.99
628,power,14,0.41666666666666663,0.0,10,0.0,mae,,,,,1.0,0.9,1.0
629,power,14,0.5,0.0,10,0.0,mae,,,,,1.0,1.0,1.0
630,type1_1,15,0.0,0.0,10,0.0,mse,0.01,0.0,0.0,0.17,0.16,0.17,0.0
631,type1_1,15,0.0,0.0,10,0.006666666666666667,mse,0.36,0.92,0.92,0.09,0.08,0.08,0.0
632,type1_1,15,0.0,0.0,10,0.013333333333333334,mse,0.92,1.0,1.0,0.09,0.08,0.08,0.0
633,type1_1,15,0.0,0.0,10,0.02,mse,1.0,1.0,1.0,0.08,0.08,0.08,0.0
634,type1_1,15,0.0,0.0,10,0.02666666666666667,mse,1.0,1.0,1.0,0.09,0.08,0.08,0.0
635,type1_1,15,0.0,0.0,10,0.03333333333333333,mse,1.0,1.0,1.0,0.09,0.08,0.08,0.0
636,type1_1,15,0.0,0.0,10,0.04,mse,1.0,1.0,1.0,0.08,0.08,0.08,0.0
637,type1_2,15,0.0,0.0,10,0.0,mse,,,,0.0,0.0,0.0,0.0
638,type1_2,15,0.0,1.0,10,0.0,mse,,,,0.16,0.0,0.0,0.0
639,type1_2,15,0.0,2.0,10,0.0,mse,,,,0.33,0.0,0.16,0.0
640,type1_2,15,0.0,3.0,10,0.0,mse,,,,0.33,0.0,0.16,0.0
641,type1_2,15,0.0,4.0,10,0.0,mse,,,,0.34,0.0,0.16,0.0
642,type1_2,15,0.0,5.0,10,0.0,mse,,,,0.34,0.0,0.16,0.0
643,type1_2,15,0.0,6.0,10,0.0,mse,,,,0.34,0.0,0.16,0.0
644,power,15,0.0,0.0,10,0.0,mse,,,,,0.1,0.0,0.09
645,power,15,0.08333333333333333,0.0,10,0.0,mse,,,,,0.25,0.33,0.16
646,power,15,0.16666666666666666,0.0,10,0.0,mse,,,,,0.73,0.49,0.74
647,power,15,0.25,0.0,10,0.0,mse,,,,,0.91,0.81,0.99
648,power,15,0.3333333333333333,0.0,10,0.0,mse,,,,,0.99,0.9,1.0
649,power,15,0.41666666666666663,0.0,10,0.0,mse,,,,,1.0,0.92,1.0
650,power,15,0.5,0.0,10,0.0,mse,,,,,1.0,1.0,1.0
651,type1_1,15,0.0,0.0,10,0.0,mae,0.0,0.0,0.0,0.17,0.16,0.17,0.0
652,type1_1,15,0.0,0.0,10,0.006666666666666667,mae,0.28,0.92,0.92,0.09,0.08,0.09,0.0
653,type1_1,15,0.0,0.0,10,0.013333333333333334,mae,0.92,1.0,1.0,0.09,0.08,0.08,0.0
654,type1_1,15,0.0,0.0,10,0.02,mae,1.0,1.0,1.0,0.08,0.08,0.08,0.0
655,type1_1,15,0.0,0.0,10,0.02666666666666667,mae,1.0,1.0,1.0,0.09,0.08,0.08,0.0
656,type1_1,15,0.0,0.0,10,0.03333333333333333,mae,1.0,1.0,1.0,0.09,0.08,0.08,0.0
657,type1_1,15,0.0,0.0,10,0.04,mae,1.0,1.0,1.0,0.08,0.08,0.08,0.0
658,type1_2,15,0.0,0.0,10,0.0,mae,,,,0.0,0.0,0.0,0.0
659,type1_2,15,0.0,1.0,10,0.0,mae,,,,0.16,0.0,0.16,0.0
660,type1_2,15,0.0,2.0,10,0.0,mae,,,,0.33,0.0,0.16,0.0
661,type1_2,15,0.0,3.0,10,0.0,mae,,,,0.33,0.0,0.24,0.0
662,type1_2,15,0.0,4.0,10,0.0,mae,,,,0.34,0.0,0.25,0.0
663,type1_2,15,0.0,5.0,10,0.0,mae,,,,0.34,0.0,0.25,0.0
664,type1_2,15,0.0,6.0,10,0.0,mae,,,,0.34,0.0,0.25,0.0
665,power,15,0.0,0.0,10,0.0,mae,,,,,0.1,0.01,0.0
666,power,15,0.08333333333333333,0.0,10,0.0,mae,,,,,0.25,0.09,0.25
667,power,15,0.16666666666666666,0.0,10,0.0,mae,,,,,0.73,0.41,0.65
668,power,15,0.25,0.0,10,0.0,mae,,,,,0.91,0.57,0.91
669,power,15,0.3333333333333333,0.0,10,0.0,mae,,,,,0.99,0.81,0.99
670,power,15,0.41666666666666663,0.0,10,0.0,mae,,,,,1.0,0.9,1.0
671,power,15,0.5,0.0,10,0.0,mae,,,,,1.0,1.0,1.0
672,type1_1,16,0.0,0.0,10,0.0,mse,0.0,0.0,0.0,0.16,0.09,0.08,0.08
673,type1_1,16,0.0,0.0,10,0.006666666666666667,mse,0.67,1.0,0.92,0.08,0.09,0.08,0.0
674,type1_1,16,0.0,0.0,10,0.013333333333333334,mse,0.92,1.0,0.92,0.08,0.09,0.08,0.0
675,type1_1,16,0.0,0.0,10,0.02,mse,0.92,1.0,0.92,0.08,0.09,0.08,0.0
676,type1_1,16,0.0,0.0,10,0.02666666666666667,mse,1.0,1.0,1.0,0.08,0.09,0.08,0.0
677,type1_1,16,0.0,0.0,10,0.03333333333333333,mse,1.0,1.0,1.0,0.08,0.09,0.08,0.0
678,type1_1,16,0.0,0.0,10,0.04,mse,1.0,1.0,1.0,0.08,0.09,0.08,0.08
679,type1_2,16,0.0,0.0,10,0.0,mse,,,,0.0,0.01,0.0,0.08
680,type1_2,16,0.0,1.0,10,0.0,mse,,,,0.24,0.01,0.0,0.08
681,type1_2,16,0.0,2.0,10,0.0,mse,,,,0.41,0.01,0.16,0.08
682,type1_2,16,0.0,3.0,10,0.0,mse,,,,0.41,0.01,0.16,0.08
683,type1_2,16,0.0,4.0,10,0.0,mse,,,,0.41,0.01,0.16,0.08
684,type1_2,16,0.0,5.0,10,0.0,mse,,,,0.41,0.01,0.16,0.08
685,type1_2,16,0.0,6.0,10,0.0,mse,,,,0.41,0.01,0.16,0.08
686,power,16,0.0,0.0,10,0.0,mse,,,,,0.08,0.08,0.0
687,power,16,0.08333333333333333,0.0,10,0.0,mse,,,,,0.09,0.33,0.16
688,power,16,0.16666666666666666,0.0,10,0.0,mse,,,,,0.66,0.49,0.74
689,power,16,0.25,0.0,10,0.0,mse,,,,,0.91,0.81,0.99
690,power,16,0.3333333333333333,0.0,10,0.0,mse,,,,,0.99,0.9,1.0
691,power,16,0.41666666666666663,0.0,10,0.0,mse,,,,,0.99,0.92,1.0
692,power,16,0.5,0.0,10,0.0,mse,,,,,1.0,1.0,1.0
693,type1_1,16,0.0,0.0,10,0.0,mae,0.0,0.0,0.0,0.16,0.09,0.17,0.16
694,type1_1,16,0.0,0.0,10,0.006666666666666667,mae,0.58,1.0,0.92,0.08,0.09,0.09,0.0
695,type1_1,16,0.0,0.0,10,0.013333333333333334,mae,1.0,1.0,0.92,0.08,0.09,0.09,0.0
696,type1_1,16,0.0,0.0,10,0.02,mae,1.0,1.0,0.92,0.08,0.09,0.08,0.0
697,type1_1,16,0.0,0.0,10,0.02666666666666667,mae,1.0,1.0,1.0,0.08,0.09,0.08,0.0
698,type1_1,16,0.0,0.0,10,0.03333333333333333,mae,1.0,1.0,1.0,0.08,0.09,0.08,0.0
699,type1_1,16,0.0,0.0,10,0.04,mae,1.0,1.0,1.0,0.08,0.09,0.08,0.0
700,type1_2,16,0.0,0.0,10,0.0,mae,,,,0.0,0.01,0.0,0.08
701,type1_2,16,0.0,1.0,10,0.0,mae,,,,0.24,0.01,0.24,0.08
702,type1_2,16,0.0,2.0,10,0.0,mae,,,,0.41,0.01,0.24,0.08
703,type1_2,16,0.0,3.0,10,0.0,mae,,,,0.41,0.01,0.32,0.08
704,type1_2,16,0.0,4.0,10,0.0,mae,,,,0.41,0.01,0.33,0.08
705,type1_2,16,0.0,5.0,10,0.0,mae,,,,0.41,0.01,0.33,0.08
706,type1_2,16,0.0,6.0,10,0.0,mae,,,,0.41,0.01,0.33,0.08
707,power,16,0.0,0.0,10,0.0,mae,,,,,0.08,0.08,0.0
708,power,16,0.08333333333333333,0.0,10,0.0,mae,,,,,0.09,0.09,0.17
709,power,16,0.16666666666666666,0.0,10,0.0,mae,,,,,0.66,0.41,0.73
710,power,16,0.25,0.0,10,0.0,mae,,,,,0.91,0.57,0.91
711,power,16,0.3333333333333333,0.0,10,0.0,mae,,,,,0.99,0.81,0.99
712,power,16,0.41666666666666663,0.0,10,0.0,mae,,,,,0.99,0.9,1.0
713,power,16,0.5,0.0,10,0.0,mae,,,,,1.0,1.0,1.0
714,type1_1,17,0.0,0.0,10,0.0,mse,0.0,0.16,0.0,0.16,0.08,0.16,0.0
715,type1_1,17,0.0,0.0,10,0.006666666666666667,mse,0.08,0.34,0.25,0.08,0.09,0.08,0.0
716,type1_1,17,0.0,0.0,10,0.013333333333333334,mse,0.58,0.84,0.92,0.08,0.09,0.08,0.0
717,type1_1,17,0.0,0.0,10,0.02,mse,0.75,1.0,1.0,0.08,0.09,0.08,0.0
718,type1_1,17,0.0,0.0,10,0.02666666666666667,mse,1.0,1.0,1.0,0.08,0.01,0.08,0.0
719,type1_1,17,0.0,0.0,10,0.03333333333333333,mse,1.0,1.0,1.0,0.08,0.01,0.08,0.0
720,type1_1,17,0.0,0.0,10,0.04,mse,1.0,1.0,1.0,0.08,0.01,0.08,0.0
721,type1_2,17,0.0,0.0,10,0.0,mse,,,,0.08,0.0,0.16,0.08
722,type1_2,17,0.0,1.0,10,0.0,mse,,,,0.33,0.0,0.08,0.08
723,type1_2,17,0.0,2.0,10,0.0,mse,,,,0.57,0.0,0.08,0.08
724,type1_2,17,0.0,3.0,10,0.0,mse,,,,0.57,0.0,0.08,0.08
725,type1_2,17,0.0,4.0,10,0.0,mse,,,,0.57,0.0,0.08,0.08
726,type1_2,17,0.0,5.0,10,0.0,mse,,,,0.57,0.0,0.08,0.08
727,type1_2,17,0.0,6.0,10,0.0,mse,,,,0.57,0.0,0.08,0.08
728,power,17,0.0,0.0,10,0.0,mse,,,,,0.0,0.16,0.0
729,power,17,0.08333333333333333,0.0,10,0.0,mse,,,,,0.33,0.33,0.24
730,power,17,0.16666666666666666,0.0,10,0.0,mse,,,,,0.81,0.49,0.66
731,power,17,0.25,0.0,10,0.0,mse,,,,,0.91,0.81,1.0
732,power,17,0.3333333333333333,0.0,10,0.0,mse,,,,,0.99,0.9,1.0
733,power,17,0.41666666666666663,0.0,10,0.0,mse,,,,,1.0,1.0,1.0
734,power,17,0.5,0.0,10,0.0,mse,,,,,1.0,1.0,1.0
735,type1_1,17,0.0,0.0,10,0.0,mae,0.0,0.16,0.0,0.16,0.08,0.16,0.16
736,type1_1,17,0.0,0.0,10,0.006666666666666667,mae,0.09,0.34,0.25,0.08,0.09,0.08,0.0
737,type1_1,17,0.0,0.0,10,0.013333333333333334,mae,0.41,0.84,0.92,0.08,0.09,0.08,0.0
738,type1_1,17,0.0,0.0,10,0.02,mae,0.83,1.0,1.0,0.08,0.09,0.08,0.0
739,type1_1,17,0.0,0.0,10,0.02666666666666667,mae,0.92,1.0,1.0,0.08,0.01,0.08,0.0
740,type1_1,17,0.0,0.0,10,0.03333333333333333,mae,1.0,1.0,1.0,0.08,0.01,0.08,0.0
741,type1_1,17,0.0,0.0,10,0.04,mae,1.0,1.0,1.0,0.08,0.01,0.08,0.0
742,type1_2,17,0.0,0.0,10,0.0,mae,,,,0.08,0.0,0.08,0.16
743,type1_2,17,0.0,1.0,10,0.0,mae,,,,0.33,0.0,0.24,0.16
744,type1_2,17,0.0,2.0,10,0.0,mae,,,,0.57,0.0,0.17,0.16
745,type1_2,17,0.0,3.0,10,0.0,mae,,,,0.57,0.0,0.25,0.16
746,type1_2,17,0.0,4.0,10,0.0,mae,,,,0.57,0.0,0.25,0.16
747,type1_2,17,0.0,5.0,10,0.0,mae,,,,0.57,0.0,0.25,0.16
748,type1_2,17,0.0,6.0,10,0.0,mae,,,,0.57,0.0,0.33,0.16
749,power,17,0.0,0.0,10,0.0,mae,,,,,0.0,0.09,0.01
750,power,17,0.08333333333333333,0.0,10,0.0,mae,,,,,0.33,0.17,0.17
751,power,17,0.16666666666666666,0.0,10,0.0,mae,,,,,0.81,0.41,0.41
752,power,17,0.25,0.0,10,0.0,mae,,,,,0.91,0.65,0.99
753,power,17,0.3333333333333333,0.0,10,0.0,mae,,,,,0.99,0.81,1.0
754,power,17,0.41666666666666663,0.0,10,0.0,mae,,,,,1.0,0.9,1.0
755,power,17,0.5,0.0,10,0.0,mae,,,,,1.0,1.0,1.0
756,type1_1,18,0.0,0.0,10,0.0,mse,0.08,0.0,0.08,0.08,0.16,0.0,0.0
757,type1_1,18,0.0,0.0,10,0.006666666666666667,mse,0.58,0.75,0.91,0.09,0.09,0.08,0.0
758,type1_1,18,0.0,0.0,10,0.013333333333333334,mse,0.91,0.92,0.92,0.09,0.09,0.08,0.0
759,type1_1,18,0.0,0.0,10,0.02,mse,0.92,1.0,1.0,0.09,0.09,0.08,0.0
760,type1_1,18,0.0,0.0,10,0.02666666666666667,mse,0.92,1.0,1.0,0.09,0.09,0.08,0.0
761,type1_1,18,0.0,0.0,10,0.03333333333333333,mse,1.0,1.0,1.0,0.09,0.08,0.08,0.0
762,type1_1,18,0.0,0.0,10,0.04,mse,1.0,1.0,1.0,0.09,0.08,0.08,0.08
763,type1_2,18,0.0,0.0,10,0.0,mse,,,,0.0,0.08,0.0,0.0
764,type1_2,18,0.0,1.0,10,0.0,mse,,,,0.33,0.08,0.08,0.0
765,type1_2,18,0.0,2.0,10,0.0,mse,,,,0.73,0.08,0.24,0.0
766,type1_2,18,0.0,3.0,10,0.0,mse,,,,0.73,0.08,0.24,0.0
767,type1_2,18,0.0,4.0,10,0.0,mse,,,,0.74,0.08,0.24,0.0
768,type1_2,18,0.0,5.0,10,0.0,mse,,,,0.74,0.08,0.24,0.0
769,type1_2,18,0.0,6.0,10,0.0,mse,,,,0.74,0.08,0.24,0.0
770,power,18,0.0,0.0,10,0.0,mse,,,,,0.01,0.08,0.0
771,power,18,0.08333333333333333,0.0,10,0.0,mse,,,,,0.41,0.33,0.16
772,power,18,0.16666666666666666,0.0,10,0.0,mse,,,,,0.65,0.49,0.74
773,power,18,0.25,0.0,10,0.0,mse,,,,,0.99,0.81,1.0
774,power,18,0.3333333333333333,0.0,10,0.0,mse,,,,,1.0,0.9,1.0
775,power,18,0.41666666666666663,0.0,10,0.0,mse,,,,,1.0,0.92,1.0
776,power,18,0.5,0.0,10,0.0,mse,,,,,1.0,1.0,1.0
777,type1_1,18,0.0,0.0,10,0.0,mae,0.08,0.0,0.08,0.08,0.16,0.08,0.0
778,type1_1,18,0.0,0.0,10,0.006666666666666667,mae,0.58,0.75,0.91,0.09,0.09,0.09,0.0
779,type1_1,18,0.0,0.0,10,0.013333333333333334,mae,0.92,0.92,0.92,0.09,0.09,0.09,0.0
780,type1_1,18,0.0,0.0,10,0.02,mae,0.92,1.0,1.0,0.09,0.09,0.09,0.0
781,type1_1,18,0.0,0.0,10,0.02666666666666667,mae,0.92,1.0,1.0,0.09,0.09,0.09,0.0
782,type1_1,18,0.0,0.0,10,0.03333333333333333,mae,1.0,1.0,1.0,0.09,0.08,0.09,0.0
783,type1_1,18,0.0,0.0,10,0.04,mae,1.0,1.0,1.0,0.09,0.08,0.09,0.0
784,type1_2,18,0.0,0.0,10,0.0,mae,,,,0.0,0.08,0.0,0.0
785,type1_2,18,0.0,1.0,10,0.0,mae,,,,0.33,0.08,0.33,0.0
786,type1_2,18,0.0,2.0,10,0.0,mae,,,,0.73,0.08,0.41,0.0
787,type1_2,18,0.0,3.0,10,0.0,mae,,,,0.73,0.08,0.57,0.0
788,type1_2,18,0.0,4.0,10,0.0,mae,,,,0.74,0.08,0.57,0.0
789,type1_2,18,0.0,5.0,10,0.0,mae,,,,0.74,0.08,0.57,0.0
790,type1_2,18,0.0,6.0,10,0.0,mae,,,,0.74,0.08,0.57,0.0
791,power,18,0.0,0.0,10,0.0,mae,,,,,0.01,0.09,0.0
792,power,18,0.08333333333333333,0.0,10,0.0,mae,,,,,0.41,0.17,0.17
793,power,18,0.16666666666666666,0.0,10,0.0,mae,,,,,0.65,0.41,0.65
794,power,18,0.25,0.0,10,0.0,mae,,,,,0.99,0.57,0.9
795,power,18,0.3333333333333333,0.0,10,0.0,mae,,,,,1.0,0.81,1.0
796,power,18,0.41666666666666663,0.0,10,0.0,mae,,,,,1.0,0.9,1.0
797,power,18,0.5,0.0,10,0.0,mae,,,,,1.0,1.0,1.0
798,type1_1,19,0.0,0.0,10,0.0,mse,0.08,0.0,0.16,0.08,0.08,0.16,0.08
799,type1_1,19,0.0,0.0,10,0.006666666666666667,mse,0.5,0.83,0.67,0.09,0.08,0.08,0.0
800,type1_1,19,0.0,0.0,10,0.013333333333333334,mse,0.84,1.0,1.0,0.09,0.08,0.08,0.0
801,type1_1,19,0.0,0.0,10,0.02,mse,1.0,1.0,1.0,0.09,0.08,0.08,0.0
802,type1_1,19,0.0,0.0,10,0.02666666666666667,mse,1.0,1.0,1.0,0.09,0.08,0.08,0.0
803,type1_1,19,0.0,0.0,10,0.03333333333333333,mse,1.0,1.0,1.0,0.09,0.08,0.08,0.0
804,type1_1,19,0.0,0.0,10,0.04,mse,1.0,1.0,1.0,0.08,0.08,0.08,0.0
805,type1_2,19,0.0,0.0,10,0.0,mse,,,,0.0,0.0,0.08,0.0
806,type1_2,19,0.0,1.0,10,0.0,mse,,,,0.32,0.0,0.16,0.0
807,type1_2,19,0.0,2.0,10,0.0,mse,,,,0.56,0.0,0.32,0.0
808,type1_2,19,0.0,3.0,10,0.0,mse,,,,0.57,0.0,0.24,0.0
809,type1_2,19,0.0,4.0,10,0.0,mse,,,,0.57,0.0,0.24,0.0
810,type1_2,19,0.0,5.0,10,0.0,mse,,,,0.57,0.0,0.24,0.0
811,type1_2,19,0.0,6.0,10,0.0,mse,,,,0.57,0.0,0.24,0.0
812,power,19,0.0,0.0,10,0.0,mse,,,,,0.01,0.16,0.08
813,power,19,0.08333333333333333,0.0,10,0.0,mse,,,,,0.49,0.33,0.16
814,power,19,0.16666666666666666,0.0,10,0.0,mse,,,,,0.66,0.49,0.74
815,power,19,0.25,0.0,10,0.0,mse,,,,,0.99,0.73,0.99
816,power,19,0.3333333333333333,0.0,10,0.0,mse,,,,,0.99,0.9,1.0
817,power,19,0.41666666666666663,0.0,10,0.0,mse,,,,,1.0,0.92,1.0
818,power,19,0.5,0.0,10,0.0,mse,,,,,1.0,1.0,1.0
819,type1_1,19,0.0,0.0,10,0.0,mae,0.08,0.0,0.16,0.08,0.08,0.08,0.0
820,type1_1,19,0.0,0.0,10,0.006666666666666667,mae,0.58,0.83,0.67,0.09,0.08,0.09,0.0
821,type1_1,19,0.0,0.0,10,0.013333333333333334,mae,0.84,1.0,1.0,0.09,0.08,0.09,0.0
822,type1_1,19,0.0,0.0,10,0.02,mae,0.92,1.0,1.0,0.09,0.08,0.08,0.0
823,type1_1,19,0.0,0.0,10,0.02666666666666667,mae,1.0,1.0,1.0,0.09,0.08,0.08,0.0
824,type1_1,19,0.0,0.0,10,0.03333333333333333,mae,1.0,1.0,1.0,0.09,0.08,0.08,0.0
825,type1_1,19,0.0,0.0,10,0.04,mae,1.0,1.0,1.0,0.08,0.08,0.08,0.0
826,type1_2,19,0.0,0.0,10,0.0,mae,,,,0.0,0.0,0.0,0.0
827,type1_2,19,0.0,1.0,10,0.0,mae,,,,0.32,0.0,0.32,0.0
828,type1_2,19,0.0,2.0,10,0.0,mae,,,,0.56,0.0,0.32,0.0
829,type1_2,19,0.0,3.0,10,0.0,mae,,,,0.57,0.0,0.32,0.0
830,type1_2,19,0.0,4.0,10,0.0,mae,,,,0.57,0.0,0.48,0.0
831,type1_2,19,0.0,5.0,10,0.0,mae,,,,0.57,0.0,0.48,0.0
832,type1_2,19,0.0,6.0,10,0.0,mae,,,,0.57,0.0,0.48,0.0
833,power,19,0.0,0.0,10,0.0,mae,,,,,0.01,0.01,0.0
834,power,19,0.08333333333333333,0.0,10,0.0,mae,,,,,0.49,0.09,0.17
835,power,19,0.16666666666666666,0.0,10,0.0,mae,,,,,0.66,0.41,0.65
836,power,19,0.25,0.0,10,0.0,mae,,,,,0.99,0.65,0.91
837,power,19,0.3333333333333333,0.0,10,0.0,mae,,,,,0.99,0.81,1.0
838,power,19,0.41666666666666663,0.0,10,0.0,mae,,,,,1.0,0.9,1.0
839,power,19,0.5,0.0,10,0.0,mae,,,,,1.0,1.0,1.0
840,type1_1,20,0.0,0.0,10,0.0,mse,0.02,0.0,0.02,0.17,0.09,0.09,0.0
841,type1_1,20,0.0,0.0,10,0.006666666666666667,mse,0.11,0.26,0.19,0.09,0.1,0.08,0.0
842,type1_1,20,0.0,0.0,10,0.013333333333333334,mse,0.35,0.84,0.76,0.09,0.1,0.08,0.0
843,type1_1,20,0.0,0.0,10,0.02,mse,0.76,1.0,0.92,0.09,0.1,0.08,0.01
844,type1_1,20,0.0,0.0,10,0.02666666666666667,mse,0.76,1.0,1.0,0.09,0.1,0.08,0.01
845,type1_1,20,0.0,0.0,10,0.03333333333333333,mse,1.0,1.0,1.0,0.09,0.1,0.08,0.01
846,type1_1,20,0.0,0.0,10,0.04,mse,1.0,1.0,1.0,0.08,0.1,0.08,0.01
847,type1_2,20,0.0,0.0,10,0.0,mse,,,,0.0,0.0,0.0,0.08
848,type1_2,20,0.0,1.0,10,0.0,mse,,,,0.26,0.0,0.08,0.08
849,type1_2,20,0.0,2.0,10,0.0,mse,,,,0.5,0.0,0.08,0.08
850,type1_2,20,0.0,3.0,10,0.0,mse,,,,0.5,0.0,0.08,0.08
851,type1_2,20,0.0,4.0,10,0.0,mse,,,,0.5,0.0,0.08,0.08
852,type1_2,20,0.0,5.0,10,0.0,mse,,,,0.5,0.0,0.08,0.08
853,type1_2,20,0.0,6.0,10,0.0,mse,,,,0.5,0.0,0.08,0.08
854,power,20,0.0,0.0,10,0.0,mse,,,,,0.02,0.17,0.0
855,power,20,0.08333333333333333,0.0,10,0.0,mse,,,,,0.25,0.33,0.08
856,power,20,0.16666666666666666,0.0,10,0.0,mse,,,,,0.81,0.57,0.74
857,power,20,0.25,0.0,10,0.0,mse,,,,,0.91,0.81,0.99
858,power,20,0.3333333333333333,0.0,10,0.0,mse,,,,,1.0,0.9,1.0
859,power,20,0.41666666666666663,0.0,10,0.0,mse,,,,,1.0,0.92,1.0
860,power,20,0.5,0.0,10,0.0,mse,,,,,1.0,1.0,1.0
861,type1_1,20,0.0,0.0,10,0.0,mae,0.0,0.0,0.02,0.17,0.09,0.09,0.08
862,type1_1,20,0.0,0.0,10,0.006666666666666667,mae,0.11,0.26,0.19,0.09,0.1,0.09,0.0
863,type1_1,20,0.0,0.0,10,0.013333333333333334,mae,0.43,0.84,0.76,0.09,0.1,0.09,0.0
864,type1_1,20,0.0,0.0,10,0.02,mae,0.59,1.0,0.92,0.09,0.1,0.09,0.0
865,type1_1,20,0.0,0.0,10,0.02666666666666667,mae,0.92,1.0,1.0,0.09,0.1,0.08,0.0
866,type1_1,20,0.0,0.0,10,0.03333333333333333,mae,1.0,1.0,1.0,0.09,0.1,0.08,0.0
867,type1_1,20,0.0,0.0,10,0.04,mae,1.0,1.0,1.0,0.08,0.1,0.08,0.0
868,type1_2,20,0.0,0.0,10,0.0,mae,,,,0.0,0.0,0.0,0.08
869,type1_2,20,0.0,1.0,10,0.0,mae,,,,0.26,0.0,0.25,0.08
870,type1_2,20,0.0,2.0,10,0.0,mae,,,,0.5,0.0,0.25,0.08
871,type1_2,20,0.0,3.0,10,0.0,mae,,,,0.5,0.0,0.25,0.08
872,type1_2,20,0.0,4.0,10,0.0,mae,,,,0.5,0.0,0.25,0.08
873,type1_2,20,0.0,5.0,10,0.0,mae,,,,0.5,0.0,0.25,0.08
874,type1_2,20,0.0,6.0,10,0.0,mae,,,,0.5,0.0,0.33,0.08
875,power,20,0.0,0.0,10,0.0,mae,,,,,0.02,0.01,0.0
876,power,20,0.08333333333333333,0.0,10,0.0,mae,,,,,0.25,0.17,0.17
877,power,20,0.16666666666666666,0.0,10,0.0,mae,,,,,0.81,0.41,0.57
878,power,20,0.25,0.0,10,0.0,mae,,,,,0.91,0.57,0.91
879,power,20,0.3333333333333333,0.0,10,0.0,mae,,,,,1.0,0.81,0.99
880,power,20,0.41666666666666663,0.0,10,0.0,mae,,,,,1.0,0.9,1.0
881,power,20,0.5,0.0,10,0.0,mae,,,,,1.0,1.0,1.0
882,type1_1,21,0.0,0.0,10,0.0,mse,0.0,0.0,0.0,0.16,0.08,0.09,0.0
883,type1_1,21,0.0,0.0,10,0.006666666666666667,mse,0.42,0.52,0.68,0.08,0.0,0.08,0.0
884,type1_1,21,0.0,0.0,10,0.013333333333333334,mse,0.68,1.0,0.84,0.09,0.0,0.08,0.0
885,type1_1,21,0.0,0.0,10,0.02,mse,0.76,1.0,0.92,0.09,0.0,0.08,0.0
886,type1_1,21,0.0,0.0,10,0.02666666666666667,mse,0.92,1.0,1.0,0.09,0.0,0.08,0.0
887,type1_1,21,0.0,0.0,10,0.03333333333333333,mse,1.0,1.0,1.0,0.09,0.0,0.08,0.0
888,type1_1,21,0.0,0.0,10,0.04,mse,1.0,1.0,1.0,0.08,0.0,0.08,0.0
889,type1_2,21,0.0,0.0,10,0.0,mse,,,,0.01,0.01,0.0,0.08
890,type1_2,21,0.0,1.0,10,0.0,mse,,,,0.17,0.01,0.0,0.08
891,type1_2,21,0.0,2.0,10,0.0,mse,,,,0.33,0.01,0.08,0.08
892,type1_2,21,0.0,3.0,10,0.0,mse,,,,0.33,0.01,0.08,0.08
893,type1_2,21,0.0,4.0,10,0.0,mse,,,,0.35,0.01,0.08,0.08
894,type1_2,21,0.0,5.0,10,0.0,mse,,,,0.35,0.01,0.08,0.08
895,type1_2,21,0.0,6.0,10,0.0,mse,,,,0.35,0.01,0.08,0.08
896,power,21,0.0,0.0,10,0.0,mse,,,,,0.0,0.01,0.0
897,power,21,0.08333333333333333,0.0,10,0.0,mse,,,,,0.17,0.33,0.16
898,power,21,0.16666666666666666,0.0,10,0.0,mse,,,,,0.73,0.57,0.74
899,power,21,0.25,0.0,10,0.0,mse,,,,,0.98,0.81,0.99
900,power,21,0.3333333333333333,0.0,10,0.0,mse,,,,,1.0,0.9,1.0
901,power,21,0.41666666666666663,0.0,10,0.0,mse,,,,,1.0,0.92,1.0
902,power,21,0.5,0.0,10,0.0,mse,,,,,1.0,1.0,1.0
903,type1_1,21,0.0,0.0,10,0.0,mae,0.16,0.0,0.0,0.16,0.08,0.09,0.08
904,type1_1,21,0.0,0.0,10,0.006666666666666667,mae,0.11,0.52,0.68,0.08,0.0,0.09,0.0
905,type1_1,21,0.0,0.0,10,0.013333333333333334,mae,0.68,1.0,0.84,0.09,0.0,0.09,0.0
906,type1_1,21,0.0,0.0,10,0.02,mae,0.92,1.0,0.92,0.09,0.0,0.09,0.0
907,type1_1,21,0.0,0.0,10,0.02666666666666667,mae,1.0,1.0,1.0,0.09,0.0,0.09,0.0
908,type1_1,21,0.0,0.0,10,0.03333333333333333,mae,1.0,1.0,1.0,0.09,0.0,0.08,0.0
909,type1_1,21,0.0,0.0,10,0.04,mae,1.0,1.0,1.0,0.08,0.0,0.08,0.0
910,type1_2,21,0.0,0.0,10,0.0,mae,,,,0.01,0.01,0.01,0.08
911,type1_2,21,0.0,1.0,10,0.0,mae,,,,0.17,0.01,0.17,0.08
912,type1_2,21,0.0,2.0,10,0.0,mae,,,,0.33,0.01,0.16,0.08
913,type1_2,21,0.0,3.0,10,0.0,mae,,,,0.33,0.01,0.24,0.08
914,type1_2,21,0.0,4.0,10,0.0,mae,,,,0.35,0.01,0.16,0.08
915,type1_2,21,0.0,5.0,10,0.0,mae,,,,0.35,0.01,0.16,0.08
916,type1_2,21,0.0,6.0,10,0.0,mae,,,,0.35,0.01,0.16,0.08
917,power,21,0.0,0.0,10,0.0,mae,,,,,0.0,0.02,0.01
918,power,21,0.08333333333333333,0.0,10,0.0,mae,,,,,0.17,0.25,0.17
919,power,21,0.16666666666666666,0.0,10,0.0,mae,,,,,0.73,0.41,0.65
920,power,21,0.25,0.0,10,0.0,mae,,,,,0.98,0.57,0.9
921,power,21,0.3333333333333333,0.0,10,0.0,mae,,,,,1.0,0.81,1.0
922,power,21,0.41666666666666663,0.0,10,0.0,mae,,,,,1.0,0.9,1.0
923,power,21,0.5,0.0,10,0.0,mae,,,,,1.0,1.0,1.0
924,type1_1,22,0.0,0.0,10,0.0,mse,0.08,0.08,0.08,0.08,0.02,0.25,0.08
925,type1_1,22,0.0,0.0,10,0.006666666666666667,mse,0.66,0.92,0.92,0.08,0.01,0.08,0.0
926,type1_1,22,0.0,0.0,10,0.013333333333333334,mse,1.0,1.0,1.0,0.08,0.01,0.08,0.0
927,type1_1,22,0.0,0.0,10,0.02,mse,1.0,1.0,1.0,0.08,0.01,0.08,0.0
928,type1_1,22,0.0,0.0,10,0.02666666666666667,mse,1.0,1.0,1.0,0.08,0.01,0.08,0.0
929,type1_1,22,0.0,0.0,10,0.03333333333333333,mse,1.0,1.0,1.0,0.08,0.01,0.08,0.0
930,type1_1,22,0.0,0.0,10,0.04,mse,1.0,1.0,1.0,0.08,0.01,0.08,0.0
931,type1_2,22,0.0,0.0,10,0.0,mse,,,,0.0,0.0,0.16,0.08
932,type1_2,22,0.0,1.0,10,0.0,mse,,,,0.32,0.0,0.08,0.08
933,type1_2,22,0.0,2.0,10,0.0,mse,,,,0.41,0.0,0.16,0.08
934,type1_2,22,0.0,3.0,10,0.0,mse,,,,0.42,0.0,0.16,0.08
935,type1_2,22,0.0,4.0,10,0.0,mse,,,,0.43,0.0,0.16,0.08
936,type1_2,22,0.0,5.0,10,0.0,mse,,,,0.43,0.0,0.16,0.08
937,type1_2,22,0.0,6.0,10,0.0,mse,,,,0.43,0.0,0.16,0.08
938,power,22,0.0,0.0,10,0.0,mse,,,,,0.01,0.16,0.0
939,power,22,0.08333333333333333,0.0,10,0.0,mse,,,,,0.17,0.33,0.16
940,power,22,0.16666666666666666,0.0,10,0.0,mse,,,,,0.65,0.57,0.74
941,power,22,0.25,0.0,10,0.0,mse,,,,,0.91,0.81,1.0
942,power,22,0.3333333333333333,0.0,10,0.0,mse,,,,,1.0,0.9,1.0
943,power,22,0.41666666666666663,0.0,10,0.0,mse,,,,,1.0,0.92,1.0
944,power,22,0.5,0.0,10,0.0,mse,,,,,1.0,1.0,1.0
945,type1_1,22,0.0,0.0,10,0.0,mae,0.08,0.08,0.08,0.08,0.02,0.09,0.08
946,type1_1,22,0.0,0.0,10,0.006666666666666667,mae,0.41,0.92,0.92,0.08,0.01,0.09,0.0
947,type1_1,22,0.0,0.0,10,0.013333333333333334,mae,0.92,1.0,1.0,0.08,0.01,0.08,0.0
948,type1_1,22,0.0,0.0,10,0.02,mae,1.0,1.0,1.0,0.08,0.01,0.08,0.0
949,type1_1,22,0.0,0.0,10,0.02666666666666667,mae,1.0,1.0,1.0,0.08,0.01,0.08,0.0
950,type1_1,22,0.0,0.0,10,0.03333333333333333,mae,1.0,1.0,1.0,0.08,0.01,0.08,0.0
951,type1_1,22,0.0,0.0,10,0.04,mae,1.0,1.0,1.0,0.08,0.01,0.08,0.0
952,type1_2,22,0.0,0.0,10,0.0,mae,,,,0.0,0.0,0.0,0.08
953,type1_2,22,0.0,1.0,10,0.0,mae,,,,0.32,0.0,0.32,0.08
954,type1_2,22,0.0,2.0,10,0.0,mae,,,,0.41,0.0,0.32,0.08
955,type1_2,22,0.0,3.0,10,0.0,mae,,,,0.42,0.0,0.4,0.08
956,type1_2,22,0.0,4.0,10,0.0,mae,,,,0.43,0.0,0.41,0.08
957,type1_2,22,0.0,5.0,10,0.0,mae,,,,0.43,0.0,0.41,0.08
958,type1_2,22,0.0,6.0,10,0.0,mae,,,,0.43,0.0,0.41,0.08
959,power,22,0.0,0.0,10,0.0,mae,,,,,0.01,0.01,0.01
960,power,22,0.08333333333333333,0.0,10,0.0,mae,,,,,0.17,0.17,0.17
961,power,22,0.16666666666666666,0.0,10,0.0,mae,,,,,0.65,0.41,0.57
962,power,22,0.25,0.0,10,0.0,mae,,,,,0.91,0.57,0.91
963,power,22,0.3333333333333333,0.0,10,0.0,mae,,,,,1.0,0.81,1.0
964,power,22,0.41666666666666663,0.0,10,0.0,mae,,,,,1.0,0.9,1.0
965,power,22,0.5,0.0,10,0.0,mae,,,,,1.0,1.0,1.0
966,type1_1,23,0.0,0.0,10,0.0,mse,0.09,0.08,0.09,0.08,0.08,0.08,0.08
967,type1_1,23,0.0,0.0,10,0.006666666666666667,mse,0.25,0.76,0.59,0.09,0.08,0.08,0.08
968,type1_1,23,0.0,0.0,10,0.013333333333333334,mse,0.68,1.0,0.92,0.09,0.08,0.08,0.0
969,type1_1,23,0.0,0.0,10,0.02,mse,1.0,1.0,0.92,0.09,0.08,0.08,0.0
970,type1_1,23,0.0,0.0,10,0.02666666666666667,mse,0.92,1.0,0.92,0.09,0.08,0.08,0.08
971,type1_1,23,0.0,0.0,10,0.03333333333333333,mse,0.92,1.0,0.92,0.08,0.08,0.08,0.08
972,type1_1,23,0.0,0.0,10,0.04,mse,0.92,1.0,0.92,0.08,0.08,0.08,0.08
973,type1_2,23,0.0,0.0,10,0.0,mse,,,,0.0,0.01,0.08,0.01
974,type1_2,23,0.0,1.0,10,0.0,mse,,,,0.34,0.01,0.08,0.01
975,type1_2,23,0.0,2.0,10,0.0,mse,,,,0.58,0.01,0.24,0.01
976,type1_2,23,0.0,3.0,10,0.0,mse,,,,0.58,0.01,0.16,0.01
977,type1_2,23,0.0,4.0,10,0.0,mse,,,,0.59,0.01,0.16,0.01
978,type1_2,23,0.0,5.0,10,0.0,mse,,,,0.59,0.01,0.16,0.01
979,type1_2,23,0.0,6.0,10,0.0,mse,,,,0.59,0.01,0.16,0.01
980,power,23,0.0,0.0,10,0.0,mse,,,,,0.02,0.01,0.0
981,power,23,0.08333333333333333,0.0,10,0.0,mse,,,,,0.33,0.33,0.16
982,power,23,0.16666666666666666,0.0,10,0.0,mse,,,,,0.66,0.57,0.74
983,power,23,0.25,0.0,10,0.0,mse,,,,,0.9,0.81,0.99
984,power,23,0.3333333333333333,0.0,10,0.0,mse,,,,,0.92,0.9,1.0
985,power,23,0.41666666666666663,0.0,10,0.0,mse,,,,,1.0,0.92,1.0
986,power,23,0.5,0.0,10,0.0,mse,,,,,1.0,1.0,1.0
987,type1_1,23,0.0,0.0,10,0.0,mae,0.09,0.08,0.09,0.08,0.08,0.08,0.08
988,type1_1,23,0.0,0.0,10,0.006666666666666667,mae,0.35,0.76,0.59,0.09,0.08,0.09,0.0
989,type1_1,23,0.0,0.0,10,0.013333333333333334,mae,0.76,1.0,0.92,0.09,0.08,0.09,0.0
990,type1_1,23,0.0,0.0,10,0.02,mae,1.0,1.0,0.92,0.09,0.08,0.09,0.0
991,type1_1,23,0.0,0.0,10,0.02666666666666667,mae,1.0,1.0,0.92,0.09,0.08,0.08,0.0
992,type1_1,23,0.0,0.0,10,0.03333333333333333,mae,1.0,1.0,0.92,0.08,0.08,0.08,0.0
993,type1_1,23,0.0,0.0,10,0.04,mae,1.0,1.0,0.92,0.08,0.08,0.08,0.0
994,type1_2,23,0.0,0.0,10,0.0,mae,,,,0.0,0.01,0.01,0.0
995,type1_2,23,0.0,1.0,10,0.0,mae,,,,0.34,0.01,0.33,0.0
996,type1_2,23,0.0,2.0,10,0.0,mae,,,,0.58,0.01,0.33,0.0
997,type1_2,23,0.0,3.0,10,0.0,mae,,,,0.58,0.01,0.33,0.0
998,type1_2,23,0.0,4.0,10,0.0,mae,,,,0.59,0.01,0.41,0.0
999,type1_2,23,0.0,5.0,10,0.0,mae,,,,0.59,0.01,0.41,0.0
1000,type1_2,23,0.0,6.0,10,0.0,mae,,,,0.59,0.01,0.41,0.0
1001,power,23,0.0,0.0,10,0.0,mae,,,,,0.02,0.03,0.0
1002,power,23,0.08333333333333333,0.0,10,0.0,mae,,,,,0.33,0.17,0.09
1003,power,23,0.16666666666666666,0.0,10,0.0,mae,,,,,0.66,0.41,0.65
1004,power,23,0.25,0.0,10,0.0,mae,,,,,0.9,0.57,0.91
1005,power,23,0.3333333333333333,0.0,10,0.0,mae,,,,,0.92,0.81,1.0
1006,power,23,0.41666666666666663,0.0,10,0.0,mae,,,,,1.0,0.9,1.0
1007,power,23,0.5,0.0,10,0.0,mae,,,,,1.0,1.0,1.0
1008,type1_1,24,0.0,0.0,10,0.0,mse,0.09,0.0,0.16,0.16,0.16,0.17,0.0
1009,type1_1,24,0.0,0.0,10,0.006666666666666667,mse,0.42,0.84,0.75,0.08,0.16,0.09,0.0
1010,type1_1,24,0.0,0.0,10,0.013333333333333334,mse,0.99,1.0,1.0,0.08,0.16,0.09,0.0
1011,type1_1,24,0.0,0.0,10,0.02,mse,1.0,1.0,1.0,0.08,0.16,0.08,0.0
1012,type1_1,24,0.0,0.0,10,0.02666666666666667,mse,1.0,1.0,1.0,0.08,0.16,0.08,0.0
1013,type1_1,24,0.0,0.0,10,0.03333333333333333,mse,1.0,1.0,1.0,0.08,0.16,0.08,0.0
1014,type1_1,24,0.0,0.0,10,0.04,mse,1.0,1.0,1.0,0.08,0.16,0.08,0.0
1015,type1_2,24,0.0,0.0,10,0.0,mse,,,,0.09,0.09,0.08,0.08
1016,type1_2,24,0.0,1.0,10,0.0,mse,,,,0.58,0.09,0.16,0.08
1017,type1_2,24,0.0,2.0,10,0.0,mse,,,,0.82,0.09,0.32,0.08
1018,type1_2,24,0.0,3.0,10,0.0,mse,,,,0.83,0.09,0.24,0.08
1019,type1_2,24,0.0,4.0,10,0.0,mse,,,,0.83,0.09,0.24,0.08
1020,type1_2,24,0.0,5.0,10,0.0,mse,,,,0.83,0.09,0.24,0.08
1021,type1_2,24,0.0,6.0,10,0.0,mse,,,,0.83,0.09,0.24,0.08
1022,power,24,0.0,0.0,10,0.0,mse,,,,,0.01,0.09,0.0
1023,power,24,0.08333333333333333,0.0,10,0.0,mse,,,,,0.25,0.33,0.16
1024,power,24,0.16666666666666666,0.0,10,0.0,mse,,,,,0.66,0.57,0.74
1025,power,24,0.25,0.0,10,0.0,mse,,,,,1.0,0.81,0.99
1026,power,24,0.3333333333333333,0.0,10,0.0,mse,,,,,1.0,0.9,1.0
1027,power,24,0.41666666666666663,0.0,10,0.0,mse,,,,,1.0,0.92,1.0
1028,power,24,0.5,0.0,10,0.0,mse,,,,,1.0,1.0,1.0
1029,type1_1,24,0.0,0.0,10,0.0,mae,0.08,0.0,0.16,0.16,0.16,0.16,0.0
1030,type1_1,24,0.0,0.0,10,0.006666666666666667,mae,0.58,0.84,0.75,0.08,0.16,0.08,0.0
1031,type1_1,24,0.0,0.0,10,0.013333333333333334,mae,0.91,1.0,1.0,0.08,0.16,0.08,0.0
1032,type1_1,24,0.0,0.0,10,0.02,mae,1.0,1.0,1.0,0.08,0.16,0.08,0.0
1033,type1_1,24,0.0,0.0,10,0.02666666666666667,mae,1.0,1.0,1.0,0.08,0.16,0.08,0.0
1034,type1_1,24,0.0,0.0,10,0.03333333333333333,mae,1.0,1.0,1.0,0.08,0.16,0.08,0.0
1035,type1_1,24,0.0,0.0,10,0.04,mae,1.0,1.0,1.0,0.08,0.16,0.08,0.0
1036,type1_2,24,0.0,0.0,10,0.0,mae,,,,0.09,0.09,0.01,0.09
1037,type1_2,24,0.0,1.0,10,0.0,mae,,,,0.58,0.09,0.41,0.09
1038,type1_2,24,0.0,2.0,10,0.0,mae,,,,0.82,0.09,0.41,0.09
1039,type1_2,24,0.0,3.0,10,0.0,mae,,,,0.83,0.09,0.49,0.09
1040,type1_2,24,0.0,4.0,10,0.0,mae,,,,0.83,0.09,0.49,0.09
1041,type1_2,24,0.0,5.0,10,0.0,mae,,,,0.83,0.09,0.49,0.09
1042,type1_2,24,0.0,6.0,10,0.0,mae,,,,0.83,0.09,0.57,0.09
1043,power,24,0.0,0.0,10,0.0,mae,,,,,0.01,0.01,0.0
1044,power,24,0.08333333333333333,0.0,10,0.0,mae,,,,,0.25,0.09,0.17
1045,power,24,0.16666666666666666,0.0,10,0.0,mae,,,,,0.66,0.41,0.57
1046,power,24,0.25,0.0,10,0.0,mae,,,,,1.0,0.57,0.91
1047,power,24,0.3333333333333333,0.0,10,0.0,mae,,,,,1.0,0.81,0.99
1048,power,24,0.41666666666666663,0.0,10,0.0,mae,,,,,1.0,0.9,1.0
1049,power,24,0.5,0.0,10,0.0,mae,,,,,1.0,1.0,1.0
1050,type1_1,25,0.0,0.0,10,0.0,mse,0.0,0.0,0.0,0.09,0.09,0.0,0.0
1051,type1_1,25,0.0,0.0,10,0.006666666666666667,mse,0.34,0.6,0.68,0.09,0.01,0.08,0.0
1052,type1_1,25,0.0,0.0,10,0.013333333333333334,mse,0.84,1.0,1.0,0.09,0.01,0.08,0.0
1053,type1_1,25,0.0,0.0,10,0.02,mse,1.0,1.0,1.0,0.09,0.01,0.08,0.0
1054,type1_1,25,0.0,0.0,10,0.02666666666666667,mse,1.0,1.0,1.0,0.08,0.01,0.08,0.0
1055,type1_1,25,0.0,0.0,10,0.03333333333333333,mse,1.0,1.0,1.0,0.08,0.01,0.08,0.0
1056,type1_1,25,0.0,0.0,10,0.04,mse,1.0,1.0,1.0,0.08,0.01,0.08,0.0
1057,type1_2,25,0.0,0.0,10,0.0,mse,,,,0.08,0.01,0.0,0.0
1058,type1_2,25,0.0,1.0,10,0.0,mse,,,,0.17,0.01,0.0,0.0
1059,type1_2,25,0.0,2.0,10,0.0,mse,,,,0.34,0.01,0.08,0.0
1060,type1_2,25,0.0,3.0,10,0.0,mse,,,,0.35,0.01,0.08,0.0
1061,type1_2,25,0.0,4.0,10,0.0,mse,,,,0.35,0.01,0.08,0.0
1062,type1_2,25,0.0,5.0,10,0.0,mse,,,,0.35,0.01,0.08,0.0
1063,type1_2,25,0.0,6.0,10,0.0,mse,,,,0.35,0.01,0.08,0.0
1064,power,25,0.0,0.0,10,0.0,mse,,,,,0.01,0.08,0.09
1065,power,25,0.08333333333333333,0.0,10,0.0,mse,,,,,0.33,0.33,0.16
1066,power,25,0.16666666666666666,0.0,10,0.0,mse,,,,,0.65,0.57,0.74
1067,power,25,0.25,0.0,10,0.0,mse,,,,,0.98,0.73,0.99
1068,power,25,0.3333333333333333,0.0,10,0.0,mse,,,,,1.0,0.9,1.0
1069,power,25,0.41666666666666663,0.0,10,0.0,mse,,,,,1.0,0.92,1.0
1070,power,25,0.5,0.0,10,0.0,mse,,,,,1.0,1.0,1.0
1071,type1_1,25,0.0,0.0,10,0.0,mae,0.08,0.0,0.0,0.09,0.09,0.09,0.17
1072,type1_1,25,0.0,0.0,10,0.006666666666666667,mae,0.41,0.6,0.68,0.09,0.01,0.09,0.0
1073,type1_1,25,0.0,0.0,10,0.013333333333333334,mae,0.84,1.0,1.0,0.09,0.01,0.09,0.0
1074,type1_1,25,0.0,0.0,10,0.02,mae,1.0,1.0,1.0,0.09,0.01,0.09,0.0
1075,type1_1,25,0.0,0.0,10,0.02666666666666667,mae,1.0,1.0,1.0,0.08,0.01,0.09,0.0
1076,type1_1,25,0.0,0.0,10,0.03333333333333333,mae,1.0,1.0,1.0,0.08,0.01,0.09,0.0
1077,type1_1,25,0.0,0.0,10,0.04,mae,1.0,1.0,1.0,0.08,0.01,0.08,0.0
1078,type1_2,25,0.0,0.0,10,0.0,mae,,,,0.08,0.01,0.09,0.0
1079,type1_2,25,0.0,1.0,10,0.0,mae,,,,0.17,0.01,0.17,0.0
1080,type1_2,25,0.0,2.0,10,0.0,mae,,,,0.34,0.01,0.24,0.0
1081,type1_2,25,0.0,3.0,10,0.0,mae,,,,0.35,0.01,0.24,0.0
1082,type1_2,25,0.0,4.0,10,0.0,mae,,,,0.35,0.01,0.25,0.0
1083,type1_2,25,0.0,5.0,10,0.0,mae,,,,0.35,0.01,0.25,0.0
1084,type1_2,25,0.0,6.0,10,0.0,mae,,,,0.35,0.01,0.25,0.0
1085,power,25,0.0,0.0,10,0.0,mae,,,,,0.01,0.09,0.08
1086,power,25,0.08333333333333333,0.0,10,0.0,mae,,,,,0.33,0.17,0.09
1087,power,25,0.16666666666666666,0.0,10,0.0,mae,,,,,0.65,0.41,0.73
1088,power,25,0.25,0.0,10,0.0,mae,,,,,0.98,0.57,0.91
1089,power,25,0.3333333333333333,0.0,10,0.0,mae,,,,,1.0,0.81,1.0
1090,power,25,0.41666666666666663,0.0,10,0.0,mae,,,,,1.0,0.9,1.0
1091,power,25,0.5,0.0,10,0.0,mae,,,,,1.0,1.0,1.0
1092,type1_1,26,0.0,0.0,10,0.0,mse,0.0,0.0,0.0,0.16,0.01,0.08,0.0
1093,type1_1,26,0.0,0.0,10,0.006666666666666667,mse,0.17,0.51,0.51,0.09,0.0,0.08,0.0
1094,type1_1,26,0.0,0.0,10,0.013333333333333334,mse,0.59,0.83,0.99,0.09,0.0,0.08,0.0
1095,type1_1,26,0.0,0.0,10,0.02,mse,0.91,1.0,1.0,0.08,0.0,0.08,0.0
1096,type1_1,26,0.0,0.0,10,0.02666666666666667,mse,1.0,1.0,1.0,0.08,0.0,0.08,0.0
1097,type1_1,26,0.0,0.0,10,0.03333333333333333,mse,1.0,1.0,1.0,0.08,0.0,0.08,0.0
1098,type1_1,26,0.0,0.0,10,0.04,mse,1.0,1.0,1.0,0.08,0.0,0.08,0.0
1099,type1_2,26,0.0,0.0,10,0.0,mse,,,,0.0,0.0,0.0,0.08
1100,type1_2,26,0.0,1.0,10,0.0,mse,,,,0.24,0.0,0.0,0.08
1101,type1_2,26,0.0,2.0,10,0.0,mse,,,,0.49,0.0,0.08,0.08
1102,type1_2,26,0.0,3.0,10,0.0,mse,,,,0.49,0.0,0.08,0.08
1103,type1_2,26,0.0,4.0,10,0.0,mse,,,,0.49,0.0,0.08,0.08
1104,type1_2,26,0.0,5.0,10,0.0,mse,,,,0.49,0.0,0.08,0.08
1105,type1_2,26,0.0,6.0,10,0.0,mse,,,,0.49,0.0,0.08,0.08
1106,power,26,0.0,0.0,10,0.0,mse,,,,,0.0,0.08,0.0
1107,power,26,0.08333333333333333,0.0,10,0.0,mse,,,,,0.25,0.33,0.16
1108,power,26,0.16666666666666666,0.0,10,0.0,mse,,,,,0.65,0.57,0.74
1109,power,26,0.25,0.0,10,0.0,mse,,,,,0.99,0.81,0.99
1110,power,26,0.3333333333333333,0.0,10,0.0,mse,,,,,1.0,0.9,1.0
1111,power,26,0.41666666666666663,0.0,10,0.0,mse,,,,,1.0,0.92,1.0
1112,power,26,0.5,0.0,10,0.0,mse,,,,,1.0,1.0,1.0
1113,type1_1,26,0.0,0.0,10,0.0,mae,0.0,0.0,0.0,0.16,0.01,0.17,0.0
1114,type1_1,26,0.0,0.0,10,0.006666666666666667,mae,0.1,0.51,0.51,0.09,0.0,0.09,0.0
1115,type1_1,26,0.0,0.0,10,0.013333333333333334,mae,0.51,0.83,0.99,0.09,0.0,0.09,0.0
1116,type1_1,26,0.0,0.0,10,0.02,mae,0.83,1.0,1.0,0.08,0.0,0.09,0.0
1117,type1_1,26,0.0,0.0,10,0.02666666666666667,mae,1.0,1.0,1.0,0.08,0.0,0.09,0.0
1118,type1_1,26,0.0,0.0,10,0.03333333333333333,mae,1.0,1.0,1.0,0.08,0.0,0.09,0.0
1119,type1_1,26,0.0,0.0,10,0.04,mae,1.0,1.0,1.0,0.08,0.0,0.09,0.0
1120,type1_2,26,0.0,0.0,10,0.0,mae,,,,0.0,0.0,0.0,0.08
1121,type1_2,26,0.0,1.0,10,0.0,mae,,,,0.24,0.0,0.24,0.08
1122,type1_2,26,0.0,2.0,10,0.0,mae,,,,0.49,0.0,0.16,0.08
1123,type1_2,26,0.0,3.0,10,0.0,mae,,,,0.49,0.0,0.24,0.08
1124,type1_2,26,0.0,4.0,10,0.0,mae,,,,0.49,0.0,0.25,0.08
1125,type1_2,26,0.0,5.0,10,0.0,mae,,,,0.49,0.0,0.33,0.08
1126,type1_2,26,0.0,6.0,10,0.0,mae,,,,0.49,0.0,0.33,0.08
1127,power,26,0.0,0.0,10,0.0,mae,,,,,0.0,0.0,0.0
1128,power,26,0.08333333333333333,0.0,10,0.0,mae,,,,,0.25,0.09,0.17
1129,power,26,0.16666666666666666,0.0,10,0.0,mae,,,,,0.65,0.41,0.65
1130,power,26,0.25,0.0,10,0.0,mae,,,,,0.99,0.57,0.91
1131,power,26,0.3333333333333333,0.0,10,0.0,mae,,,,,1.0,0.81,0.99
1132,power,26,0.41666666666666663,0.0,10,0.0,mae,,,,,1.0,0.9,1.0
1133,power,26,0.5,0.0,10,0.0,mae,,,,,1.0,1.0,1.0
1134,type1_1,27,0.0,0.0,10,0.0,mse,0.0,0.0,0.0,0.08,0.09,0.25,0.0
1135,type1_1,27,0.0,0.0,10,0.006666666666666667,mse,0.4,0.5,0.65,0.09,0.09,0.08,0.0
1136,type1_1,27,0.0,0.0,10,0.013333333333333334,mse,0.75,1.0,0.92,0.09,0.09,0.08,0.0
1137,type1_1,27,0.0,0.0,10,0.02,mse,0.92,1.0,1.0,0.09,0.09,0.08,0.0
1138,type1_1,27,0.0,0.0,10,0.02666666666666667,mse,0.92,1.0,1.0,0.09,0.09,0.08,0.0
1139,type1_1,27,0.0,0.0,10,0.03333333333333333,mse,1.0,1.0,1.0,0.08,0.1,0.08,0.0
1140,type1_1,27,0.0,0.0,10,0.04,mse,1.0,1.0,1.0,0.08,0.1,0.08,0.0
1141,type1_2,27,0.0,0.0,10,0.0,mse,,,,0.08,0.0,0.16,0.08
1142,type1_2,27,0.0,1.0,10,0.0,mse,,,,0.41,0.0,0.08,0.08
1143,type1_2,27,0.0,2.0,10,0.0,mse,,,,0.57,0.0,0.24,0.08
1144,type1_2,27,0.0,3.0,10,0.0,mse,,,,0.59,0.0,0.16,0.08
1145,type1_2,27,0.0,4.0,10,0.0,mse,,,,0.59,0.0,0.16,0.08
1146,type1_2,27,0.0,5.0,10,0.0,mse,,,,0.59,0.0,0.16,0.08
1147,type1_2,27,0.0,6.0,10,0.0,mse,,,,0.59,0.0,0.16,0.08
1148,power,27,0.0,0.0,10,0.0,mse,,,,,0.16,0.16,0.0
1149,power,27,0.08333333333333333,0.0,10,0.0,mse,,,,,0.57,0.33,0.24
1150,power,27,0.16666666666666666,0.0,10,0.0,mse,,,,,0.81,0.57,0.74
1151,power,27,0.25,0.0,10,0.0,mse,,,,,0.9,0.81,1.0
1152,power,27,0.3333333333333333,0.0,10,0.0,mse,,,,,1.0,0.9,1.0
1153,power,27,0.41666666666666663,0.0,10,0.0,mse,,,,,1.0,0.92,1.0
1154,power,27,0.5,0.0,10,0.0,mse,,,,,1.0,1.0,1.0
1155,type1_1,27,0.0,0.0,10,0.0,mae,0.08,0.0,0.0,0.08,0.09,0.09,0.0
1156,type1_1,27,0.0,0.0,10,0.006666666666666667,mae,0.49,0.5,0.65,0.09,0.09,0.09,0.0
1157,type1_1,27,0.0,0.0,10,0.013333333333333334,mae,0.58,1.0,0.92,0.09,0.09,0.09,0.0
1158,type1_1,27,0.0,0.0,10,0.02,mae,1.0,1.0,1.0,0.09,0.09,0.08,0.0
1159,type1_1,27,0.0,0.0,10,0.02666666666666667,mae,1.0,1.0,1.0,0.09,0.09,0.08,0.0
1160,type1_1,27,0.0,0.0,10,0.03333333333333333,mae,1.0,1.0,1.0,0.08,0.1,0.08,0.0
1161,type1_1,27,0.0,0.0,10,0.04,mae,1.0,1.0,1.0,0.08,0.1,0.08,0.0
1162,type1_2,27,0.0,0.0,10,0.0,mae,,,,0.08,0.0,0.01,0.08
1163,type1_2,27,0.0,1.0,10,0.0,mae,,,,0.41,0.0,0.33,0.08
1164,type1_2,27,0.0,2.0,10,0.0,mae,,,,0.57,0.0,0.32,0.08
1165,type1_2,27,0.0,3.0,10,0.0,mae,,,,0.59,0.0,0.32,0.08
1166,type1_2,27,0.0,4.0,10,0.0,mae,,,,0.59,0.0,0.4,0.08
1167,type1_2,27,0.0,5.0,10,0.0,mae,,,,0.59,0.0,0.4,0.08
1168,type1_2,27,0.0,6.0,10,0.0,mae,,,,0.59,0.0,0.4,0.08
1169,power,27,0.0,0.0,10,0.0,mae,,,,,0.16,0.09,0.08
1170,power,27,0.08333333333333333,0.0,10,0.0,mae,,,,,0.57,0.17,0.17
1171,power,27,0.16666666666666666,0.0,10,0.0,mae,,,,,0.81,0.41,0.73
1172,power,27,0.25,0.0,10,0.0,mae,,,,,0.9,0.57,0.91
1173,power,27,0.3333333333333333,0.0,10,0.0,mae,,,,,1.0,0.81,1.0
1174,power,27,0.41666666666666663,0.0,10,0.0,mae,,,,,1.0,0.9,1.0
1175,power,27,0.5,0.0,10,0.0,mae,,,,,1.0,1.0,1.0
1176,type1_1,28,0.0,0.0,10,0.0,mse,0.0,0.0,0.0,0.0,0.08,0.16,0.0
1177,type1_1,28,0.0,0.0,10,0.006666666666666667,mse,0.26,0.65,0.5,0.09,0.09,0.08,0.0
1178,type1_1,28,0.0,0.0,10,0.013333333333333334,mse,0.83,1.0,1.0,0.09,0.09,0.08,0.0
1179,type1_1,28,0.0,0.0,10,0.02,mse,1.0,1.0,1.0,0.09,0.09,0.08,0.0
1180,type1_1,28,0.0,0.0,10,0.02666666666666667,mse,1.0,1.0,1.0,0.09,0.09,0.08,0.08
1181,type1_1,28,0.0,0.0,10,0.03333333333333333,mse,1.0,1.0,1.0,0.08,0.08,0.08,0.08
1182,type1_1,28,0.0,0.0,10,0.04,mse,1.0,1.0,1.0,0.08,0.08,0.08,0.08
1183,type1_2,28,0.0,0.0,10,0.0,mse,,,,0.0,0.09,0.08,0.0
1184,type1_2,28,0.0,1.0,10,0.0,mse,,,,0.09,0.09,0.0,0.0
1185,type1_2,28,0.0,2.0,10,0.0,mse,,,,0.25,0.09,0.0,0.0
1186,type1_2,28,0.0,3.0,10,0.0,mse,,,,0.25,0.09,0.0,0.0
1187,type1_2,28,0.0,4.0,10,0.0,mse,,,,0.26,0.09,0.0,0.0
1188,type1_2,28,0.0,5.0,10,0.0,mse,,,,0.26,0.09,0.0,0.0
1189,type1_2,28,0.0,6.0,10,0.0,mse,,,,0.26,0.09,0.0,0.0
1190,power,28,0.0,0.0,10,0.0,mse,,,,,0.09,0.09,0.0
1191,power,28,0.08333333333333333,0.0,10,0.0,mse,,,,,0.17,0.33,0.24
1192,power,28,0.16666666666666666,0.0,10,0.0,mse,,,,,0.42,0.49,0.74
1193,power,28,0.25,0.0,10,0.0,mse,,,,,0.91,0.81,0.99
1194,power,28,0.3333333333333333,0.0,10,0.0,mse,,,,,1.0,0.9,1.0
1195,power,28,0.41666666666666663,0.0,10,0.0,mse,,,,,1.0,1.0,1.0
1196,power,28,0.5,0.0,10,0.0,mse,,,,,1.0,1.0,1.0
1197,type1_1,28,0.0,0.0,10,0.0,mae,0.0,0.0,0.0,0.0,0.08,0.0,0.16
1198,type1_1,28,0.0,0.0,10,0.006666666666666667,mae,0.18,0.65,0.5,0.09,0.09,0.09,0.0
1199,type1_1,28,0.0,0.0,10,0.013333333333333334,mae,0.75,1.0,1.0,0.09,0.09,0.09,0.0
1200,type1_1,28,0.0,0.0,10,0.02,mae,0.92,1.0,1.0,0.09,0.09,0.09,0.0
1201,type1_1,28,0.0,0.0,10,0.02666666666666667,mae,1.0,1.0,1.0,0.09,0.09,0.08,0.0
1202,type1_1,28,0.0,0.0,10,0.03333333333333333,mae,1.0,1.0,1.0,0.08,0.08,0.08,0.0
1203,type1_1,28,0.0,0.0,10,0.04,mae,1.0,1.0,1.0,0.08,0.08,0.08,0.0
1204,type1_2,28,0.0,0.0,10,0.0,mae,,,,0.0,0.09,0.01,0.0
1205,type1_2,28,0.0,1.0,10,0.0,mae,,,,0.09,0.09,0.09,0.0
1206,type1_2,28,0.0,2.0,10,0.0,mae,,,,0.25,0.09,0.08,0.0
1207,type1_2,28,0.0,3.0,10,0.0,mae,,,,0.25,0.09,0.16,0.0
1208,type1_2,28,0.0,4.0,10,0.0,mae,,,,0.26,0.09,0.16,0.0
1209,type1_2,28,0.0,5.0,10,0.0,mae,,,,0.26,0.09,0.16,0.0
1210,type1_2,28,0.0,6.0,10,0.0,mae,,,,0.26,0.09,0.24,0.0
1211,power,28,0.0,0.0,10,0.0,mae,,,,,0.09,0.01,0.0
1212,power,28,0.08333333333333333,0.0,10,0.0,mae,,,,,0.17,0.09,0.17
1213,power,28,0.16666666666666666,0.0,10,0.0,mae,,,,,0.42,0.41,0.73
1214,power,28,0.25,0.0,10,0.0,mae,,,,,0.91,0.57,0.91
1215,power,28,0.3333333333333333,0.0,10,0.0,mae,,,,,1.0,0.81,0.99
1216,power,28,0.41666666666666663,0.0,10,0.0,mae,,,,,1.0,0.9,1.0
1217,power,28,0.5,0.0,10,0.0,mae,,,,,1.0,1.0,1.0
1218,type1_1,29,0.0,0.0,10,0.0,mse,0.0,0.0,0.0,0.16,0.08,0.16,0.25
1219,type1_1,29,0.0,0.0,10,0.006666666666666667,mse,0.84,1.0,1.0,0.09,0.01,0.08,0.0
1220,type1_1,29,0.0,0.0,10,0.013333333333333334,mse,1.0,1.0,1.0,0.09,0.01,0.08,0.0
1221,type1_1,29,0.0,0.0,10,0.02,mse,1.0,1.0,1.0,0.09,0.01,0.08,0.0
1222,type1_1,29,0.0,0.0,10,0.02666666666666667,mse,1.0,1.0,1.0,0.08,0.01,0.08,0.0
1223,type1_1,29,0.0,0.0,10,0.03333333333333333,mse,1.0,1.0,1.0,0.08,0.01,0.08,0.0
1224,type1_1,29,0.0,0.0,10,0.04,mse,1.0,1.0,1.0,0.08,0.01,0.08,0.0
1225,type1_2,29,0.0,0.0,10,0.0,mse,,,,0.0,0.0,0.0,0.0
1226,type1_2,29,0.0,1.0,10,0.0,mse,,,,0.24,0.0,0.0,0.0
1227,type1_2,29,0.0,2.0,10,0.0,mse,,,,0.49,0.0,0.08,0.0
1228,type1_2,29,0.0,3.0,10,0.0,mse,,,,0.49,0.0,0.16,0.0
1229,type1_2,29,0.0,4.0,10,0.0,mse,,,,0.49,0.0,0.16,0.0
1230,type1_2,29,0.0,5.0,10,0.0,mse,,,,0.49,0.0,0.16,0.0
1231,type1_2,29,0.0,6.0,10,0.0,mse,,,,0.49,0.0,0.16,0.0
1232,power,29,0.0,0.0,10,0.0,mse,,,,,0.01,0.09,0.0
1233,power,29,0.08333333333333333,0.0,10,0.0,mse,,,,,0.24,0.33,0.24
1234,power,29,0.16666666666666666,0.0,10,0.0,mse,,,,,0.57,0.49,0.74
1235,power,29,0.25,0.0,10,0.0,mse,,,,,0.91,0.81,0.99
1236,power,29,0.3333333333333333,0.0,10,0.0,mse,,,,,0.91,0.9,1.0
1237,power,29,0.41666666666666663,0.0,10,0.0,mse,,,,,1.0,1.0,1.0
1238,power,29,0.5,0.0,10,0.0,mse,,,,,1.0,1.0,1.0
1239,type1_1,29,0.0,0.0,10,0.0,mae,0.0,0.0,0.0,0.16,0.08,0.16,0.16
1240,type1_1,29,0.0,0.0,10,0.006666666666666667,mae,0.84,1.0,1.0,0.09,0.01,0.09,0.0
1241,type1_1,29,0.0,0.0,10,0.013333333333333334,mae,1.0,1.0,1.0,0.09,0.01,0.09,0.0
1242,type1_1,29,0.0,0.0,10,0.02,mae,1.0,1.0,1.0,0.09,0.01,0.08,0.0
1243,type1_1,29,0.0,0.0,10,0.02666666666666667,mae,1.0,1.0,1.0,0.08,0.01,0.08,0.0
1244,type1_1,29,0.0,0.0,10,0.03333333333333333,mae,1.0,1.0,1.0,0.08,0.01,0.08,0.0
1245,type1_1,29,0.0,0.0,10,0.04,mae,1.0,1.0,1.0,0.08,0.01,0.08,0.0
1246,type1_2,29,0.0,0.0,10,0.0,mae,,,,0.0,0.0,0.0,0.08
1247,type1_2,29,0.0,1.0,10,0.0,mae,,,,0.24,0.0,0.16,0.08
1248,type1_2,29,0.0,2.0,10,0.0,mae,,,,0.49,0.0,0.24,0.08
1249,type1_2,29,0.0,3.0,10,0.0,mae,,,,0.49,0.0,0.32,0.08
1250,type1_2,29,0.0,4.0,10,0.0,mae,,,,0.49,0.0,0.33,0.08
1251,type1_2,29,0.0,5.0,10,0.0,mae,,,,0.49,0.0,0.33,0.08
1252,type1_2,29,0.0,6.0,10,0.0,mae,,,,0.49,0.0,0.33,0.08
1253,power,29,0.0,0.0,10,0.0,mae,,,,,0.01,0.1,0.0
1254,power,29,0.08333333333333333,0.0,10,0.0,mae,,,,,0.24,0.09,0.17
1255,power,29,0.16666666666666666,0.0,10,0.0,mae,,,,,0.57,0.41,0.65
1256,power,29,0.25,0.0,10,0.0,mae,,,,,0.91,0.65,0.99
1257,power,29,0.3333333333333333,0.0,10,0.0,mae,,,,,0.91,0.82,1.0
1258,power,29,0.41666666666666663,0.0,10,0.0,mae,,,,,1.0,0.9,1.0
1259,power,29,0.5,0.0,10,0.0,mae,,,,,1.0,1.0,1.0
